channel,family,nonadditive,representation,support_size,latent_entropy_bits,channel_h_y_given_x_uniform_bits,transition_degeneracy_bits,uniform_fiber_ambiguity_bits,kappa,random_code_fiber_ceiling_bits_per_symbol,injective_mass,bi_unambiguous,channel_capacity_bits_per_symbol,capacity_ba_iterations,multiplicity_mean_transition_weighted,multiplicity_max,multiplicity_mean_unweighted,exact_all,best_work_optimistic,best_work_balanced,best_work_pessimistic,best_order_optimistic,best_order_balanced,best_order_pessimistic,best_balanced_atoms,best_balanced_fiber_entries,best_balanced_certified_probability,construction,is_natural_independent
DETERMINISTIC_IDENTITY,negative_control,False,INDEPENDENT_ROWS__reduced__reduced,1,-0.0,0.0,0.0,0.0,1.0,1.0,1.0,True,1.0,2,1.0,1.0,0.5,True,4.1,7.55,15.2,[0],[0],[0],1.0,1.0,1.0,independent_row_coupling,True
USELESS_BINARY_OUTPUT,negative_control,True,INDEPENDENT_ROWS__reduced__reduced,4,1.868136110750982,0.934068055375491,0.934068055375491,0.545,1.545,0.3723931618703502,0.45499999999999996,False,0.0,2,2.0,2.0,2.0,True,16.14,29.549999999999997,59.5,"[0, 2, 1, 3]","[0, 2, 1, 3]","[0, 2, 1, 3]",4.0,4.0,0.0,independent_row_coupling,True
USELESS_BINARY_OUTPUT,negative_control,True,COMMON_UNIFORM_000__reduced__reduced,2,0.934068055375491,0.934068055375491,0.0,1.0,2.0,0.0,0.0,False,0.0,2,1.0,1.0,1.0,True,7.9399999999999995,14.45,29.1,"[0, 1]","[0, 1]","[0, 1]",2.0,2.0,0.0,common_uniform,False
USELESS_BINARY_OUTPUT,negative_control,True,COMMON_UNIFORM_001__reduced__reduced,3,1.5812908992306927,0.934068055375491,0.6472228438552017,0.30000000000000004,1.3,0.6214883767462702,0.7,False,0.0,2,1.65,2.0,1.5,True,12.669999999999998,23.349999999999998,47.00000000000001,"[2, 0, 1]","[2, 0, 1]","[2, 0, 1]",3.0,3.3,0.0,common_uniform,False
BSC_p0.080,additive_control,False,INDEPENDENT_ROWS__reduced__reduced,4,0.8043583804045457,0.4021791902022728,0.4021791902022729,0.1472,1.1472,0.8018830708475446,0.8528,False,0.5978208097977272,2,2.0,2.0,2.0,True,4.1,7.7,15.8,"[1, 0, 3, 2]","[1, 0, 3, 2]","[1, 0, 3, 2]",1.0,1.0,1.0,independent_row_coupling,True
BSC_p0.080,additive_control,False,COMMON_UNIFORM_000__reduced__reduced,3,0.7943095546405659,0.4021791902022728,0.3921303644382931,0.15999999999999998,1.16,0.7858751946471527,0.8400000000000001,False,0.5978208097977272,2,1.92,2.0,1.5,True,4.1,7.65,15.6,"[1, 0, 2]","[1, 0, 2]","[1, 0, 2]",1.0,1.0,1.0,common_uniform,False
BSC_p0.080,additive_control,False,COMMON_UNIFORM_001__reduced__reduced,2,0.40217919020227266,0.4021791902022728,0.0,0.0,1.0,1.0,1.0,True,0.5978208097977272,2,1.0,1.0,1.0,True,4.1,7.6,15.4,"[0, 1]","[0, 1]","[0, 1]",1.0,1.0,1.0,common_uniform,False
BSC_p0.080,additive_control,False,BAC_t0.01333333__reduced__reduced,4,0.5547238414364156,0.4021791902022728,0.15254465123414285,0.02666666666666667,1.0266666666666668,0.9620321498009793,0.9733333333333334,False,0.5978208097977272,2,2.0,2.0,2.0,True,4.1,7.7,15.8,"[1, 2, 0, 3]","[1, 2, 0, 3]","[1, 2, 0, 3]",1.0,1.0,1.0,complete_bac_interval_grid,False
BSC_p0.080,additive_control,False,BAC_t0.02666667__reduced__reduced,4,0.6497790136869375,0.4021791902022728,0.2475998234846647,0.05333333333333334,1.0533333333333335,0.9250379423187778,0.9466666666666668,False,0.5978208097977272,2,2.0,2.0,2.0,True,4.1,7.7,15.8,"[1, 2, 0, 3]","[1, 2, 0, 3]","[1, 2, 0, 3]",1.0,1.0,1.0,complete_bac_interval_grid,False
BSC_p0.080,additive_control,False,BAC_t0.04000000__reduced__reduced,4,0.7195563653739032,0.4021791902022728,0.31737717517163044,0.08,1.08,0.888968687611256,0.92,False,0.5978208097977272,2,2.0,2.0,2.0,True,4.1,7.7,15.8,"[1, 0, 2, 3]","[1, 0, 2, 3]","[1, 0, 2, 3]",1.0,1.0,1.0,complete_bac_interval_grid,False
BSC_p0.080,additive_control,False,BAC_t0.05333333__reduced__reduced,4,0.769433252537887,0.4021791902022728,0.3672540623356142,0.10666666666666667,1.1066666666666667,0.8537792591489561,0.8933333333333333,False,0.5978208097977272,2,2.0,2.0,2.0,True,4.1,7.7,15.8,"[1, 0, 3, 2]","[1, 0, 3, 2]","[1, 0, 3, 2]",1.0,1.0,1.0,complete_bac_interval_grid,False
BSC_p0.080,additive_control,False,BAC_t0.06666667__reduced__reduced,4,0.7992282778442326,0.4021791902022728,0.3970490876419598,0.13333333333333333,1.1333333333333333,0.8194277543581792,0.8666666666666667,False,0.5978208097977272,2,2.0,2.0,2.0,True,4.1,7.7,15.8,"[1, 0, 3, 2]","[1, 0, 3, 2]","[1, 0, 3, 2]",1.0,1.0,1.0,complete_bac_interval_grid,False
BSC_p0.200,additive_control,False,INDEPENDENT_ROWS__reduced__reduced,4,1.4438561897747249,0.7219280948873623,0.7219280948873625,0.32,1.32,0.5994620704162712,0.68,False,0.27807190511263774,2,2.0,2.0,2.0,True,4.1,7.7,15.8,"[1, 0, 3, 2]","[1, 0, 3, 2]","[1, 0, 3, 2]",1.0,1.0,1.0,independent_row_coupling,True
BSC_p0.200,additive_control,False,COMMON_UNIFORM_000__reduced__reduced,3,1.3709505944546685,0.7219280948873623,0.6490224995673062,0.39999999999999997,1.4,0.5145731728297583,0.6000000000000001,False,0.27807190511263774,2,1.8,2.0,1.5,True,4.1,7.65,15.6,"[1, 0, 2]","[1, 0, 2]","[1, 0, 2]",1.0,1.0,1.0,common_uniform,False
BSC_p0.200,additive_control,False,COMMON_UNIFORM_001__reduced__reduced,2,0.7219280948873623,0.7219280948873623,0.0,0.0,1.0,1.0,1.0,True,0.27807190511263774,2,1.0,1.0,1.0,True,4.1,7.6,15.4,"[0, 1]","[0, 1]","[0, 1]",1.0,1.0,1.0,common_uniform,False
BSC_p0.200,additive_control,False,BAC_t0.03333333__reduced__reduced,4,1.0518384134835814,0.7219280948873623,0.3299103185962191,0.06666666666666667,1.0666666666666667,0.9068905956085186,0.9333333333333333,False,0.27807190511263774,2,2.0,2.0,2.0,True,4.1,7.7,15.8,"[1, 2, 0, 3]","[1, 2, 0, 3]","[1, 2, 0, 3]",1.0,1.0,1.0,complete_bac_interval_grid,False
BSC_p0.200,additive_control,False,BAC_t0.06666667__reduced__reduced,4,1.2366407419411674,0.7219280948873623,0.514712647053805,0.13333333333333333,1.1333333333333333,0.8194277543581792,0.8666666666666667,False,0.27807190511263774,2,2.0,2.0,2.0,True,4.1,7.7,15.8,"[1, 2, 0, 3]","[1, 2, 0, 3]","[1, 2, 0, 3]",1.0,1.0,1.0,complete_bac_interval_grid,False
BSC_p0.200,additive_control,False,BAC_t0.10000000__reduced__reduced,4,1.3567796494470397,0.7219280948873623,0.6348515545596773,0.2,1.2000000000000002,0.7369655941662059,0.8,False,0.27807190511263774,2,2.0,2.0,2.0,True,4.1,7.7,15.8,"[1, 0, 2, 3]","[1, 0, 2, 3]","[1, 0, 2, 3]",1.0,1.0,1.0,complete_bac_interval_grid,False
BSC_p0.200,additive_control,False,BAC_t0.13333333__reduced__reduced,4,1.4256051990169436,0.7219280948873623,0.7036771041295813,0.26666666666666666,1.2666666666666668,0.6589630821649328,0.7333333333333334,False,0.27807190511263774,2,2.0,2.0,2.0,True,4.1,7.7,15.8,"[1, 0, 3, 2]","[1, 0, 3, 2]","[1, 0, 3, 2]",1.0,1.0,1.0,complete_bac_interval_grid,False
BSC_p0.200,additive_control,False,BAC_t0.16666667__reduced__reduced,4,1.4425604721317935,0.7219280948873623,0.7206323772444312,0.3333333333333333,1.3333333333333335,0.5849625007211561,0.6666666666666667,False,0.27807190511263774,2,2.0,2.0,2.0,True,4.1,7.7,15.8,"[1, 0, 3, 2]","[1, 0, 3, 2]","[1, 0, 3, 2]",1.0,1.0,1.0,complete_bac_interval_grid,False
BEC_e0.250,erasure_control,True,INDEPENDENT_ROWS__reduced__reduced,4,1.6225562489182659,0.8112781244591328,0.811278124459133,0.0625,1.0625,0.9125371587496606,0.9375,False,0.75,2,2.0,2.0,1.3333333333333333,True,7.074999999999999,13.075,26.55,"[0, 1, 2, 3]","[0, 1, 2, 3]","[0, 1, 2, 3]",1.75,1.75,0.75,independent_row_coupling,True
BEC_e0.250,erasure_control,True,COMMON_UNIFORM_000__reduced__reduced,2,0.8112781244591328,0.8112781244591328,0.0,0.25,1.25,0.6780719051126376,0.75,False,0.75,2,1.0,1.0,0.6666666666666666,True,5.0249999999999995,9.225,18.65,"[0, 1]","[0, 1]","[0, 1]",1.25,1.25,0.75,common_uniform,False
BEC_e0.250,erasure_control,True,COMMON_UNIFORM_001__reduced__reduced,3,1.5,0.8112781244591328,0.6887218755408672,0.0,1.0,1.0,1.0,False,0.75,2,1.75,2.0,1.0,True,8.0875,14.65,29.6,"[1, 0, 2]","[1, 0, 2]","[1, 0, 2]",2.25,1.625,0.75,common_uniform,False
BEC_e0.250,erasure_control,True,BEC_s0.03125000__reduced__reduced,4,1.134580954883921,0.8112781244591328,0.32330283042478813,0.21875,1.21875,0.7145977811377516,0.78125,False,0.75,2,2.0,2.0,1.3333333333333333,True,7.074999999999999,13.075,26.55,"[0, 3, 1, 2]","[0, 3, 1, 2]","[0, 3, 1, 2]",1.75,1.75,0.75,bec_one_parameter,False
BEC_e0.250,erasure_control,True,BEC_s0.06250000__reduced__reduced,4,1.3244602933016414,0.8112781244591328,0.5131821688425086,0.1875,1.1875,0.7520724865564146,0.8125,False,0.75,2,2.0,2.0,1.3333333333333333,True,7.074999999999999,13.075,26.55,"[0, 3, 1, 2]","[0, 3, 1, 2]","[0, 3, 1, 2]",1.75,1.75,0.75,bec_one_parameter,False
BEC_e0.250,erasure_control,True,BEC_s0.09375000__reduced__reduced,4,1.4575599575900715,0.8112781244591328,0.6462818331309387,0.15625,1.15625,0.7905466343710502,0.84375,False,0.75,2,2.0,2.0,1.3333333333333333,True,7.074999999999999,13.075,26.55,"[0, 3, 1, 2]","[0, 3, 1, 2]","[0, 3, 1, 2]",1.75,1.75,0.75,bec_one_parameter,False
BEC_e0.250,erasure_control,True,BEC_s0.12500000__reduced__reduced,4,1.5487949406953985,0.8112781244591328,0.7375168162362656,0.125,1.125,0.8300749985576876,0.875,False,0.75,2,2.0,2.0,1.3333333333333333,True,7.074999999999999,13.075,26.55,"[0, 1, 2, 3]","[0, 1, 2, 3]","[0, 1, 2, 3]",1.75,1.75,0.75,bec_one_parameter,False
BEC_e0.250,erasure_control,True,BEC_s0.15625000__reduced__reduced,4,1.603600274797962,0.8112781244591328,0.7923221503388292,0.09375,1.09375,0.8707169830550335,0.90625,False,0.75,2,2.0,2.0,1.3333333333333333,True,7.074999999999999,13.075,26.55,"[0, 1, 2, 3]","[0, 1, 2, 3]","[0, 1, 2, 3]",1.75,1.75,0.75,bec_one_parameter,False
BEC_e0.250,erasure_control,True,BEC_s0.21875000__reduced__reduced,4,1.6003175871855553,0.8112781244591328,0.7890394627264224,0.03125,1.03125,0.9556058806415466,0.96875,False,0.75,2,2.0,2.0,1.3333333333333333,True,7.074999999999999,13.075,26.55,"[0, 1, 2, 3]","[0, 1, 2, 3]","[0, 1, 2, 3]",1.75,1.75,0.75,bec_one_parameter,False
BEC_e0.600,erasure_control,True,INDEPENDENT_ROWS__reduced__reduced,4,1.9419011889093372,0.9709505944546686,0.9709505944546686,0.36,1.3599999999999999,0.5563933485243855,0.64,False,0.4,2,2.0,2.0,1.3333333333333333,True,13.159999999999998,23.799999999999997,48.0,"[3, 1, 2, 0]","[3, 1, 2, 0]","[3, 1, 2, 0]",3.6,2.8,0.4,independent_row_coupling,True
BEC_e0.600,erasure_control,True,COMMON_UNIFORM_000__reduced__reduced,2,0.9709505944546686,0.9709505944546686,0.0,0.6,1.6,0.3219280948873623,0.4,False,0.4,2,1.0,1.0,0.6666666666666666,True,7.279999999999999,13.099999999999998,26.4,"[0, 1]","[0, 1]","[0, 1]",2.0,1.6,0.4,common_uniform,False
BEC_e0.600,erasure_control,True,COMMON_UNIFORM_001__reduced__reduced,3,1.5219280948873621,0.9709505944546686,0.5509775004326936,0.19999999999999996,1.2,0.7369655941662062,0.8,False,0.4,2,1.6,2.0,1.0,True,10.92,20.15,40.6,"[0, 1, 2]","[0, 1, 2]","[0, 1, 2]",2.5999999999999996,2.8,0.4,common_uniform,False
BEC_e0.600,erasure_control,True,BEC_s0.05000000__reduced__reduced,4,1.4366664819166874,0.9709505944546686,0.46571588746201886,0.5499999999999999,1.5499999999999998,0.36773178450048727,0.45000000000000007,False,0.4,2,2.0,2.0,1.3333333333333333,True,12.2,22.2,44.8,"[0, 3, 1, 2]","[0, 3, 1, 2]","[0, 3, 1, 2]",3.2,2.8,0.4,bec_one_parameter,False
BEC_e0.600,erasure_control,True,BEC_s0.10000000__reduced__reduced,4,1.6854752972273344,0.9709505944546686,0.7145247027726658,0.5,1.5,0.4150374992788438,0.5,False,0.4,2,2.0,2.0,1.3333333333333333,True,12.2,22.2,44.8,"[0, 3, 1, 2]","[0, 3, 1, 2]","[0, 3, 1, 2]",3.2,2.8,0.4,bec_one_parameter,False
BEC_e0.600,erasure_control,True,BEC_s0.15000000__reduced__reduced,4,1.8394910703001344,0.9709505944546686,0.8685404758454658,0.44999999999999996,1.45,0.4639470997597903,0.55,False,0.4,2,2.0,2.0,1.3333333333333333,True,13.54,24.599999999999998,49.599999999999994,"[0, 1, 3, 2]","[3, 1, 0, 2]","[0, 1, 3, 2]",3.6,3.0,0.4,bec_one_parameter,False
BEC_e0.600,erasure_control,True,BEC_s0.20000000__reduced__reduced,4,1.9219280948873623,0.9709505944546686,0.9509775004326937,0.39999999999999997,1.4,0.5145731728297583,0.6000000000000001,False,0.4,2,2.0,2.0,1.3333333333333333,True,14.399999999999999,26.199999999999996,52.8,"[3, 1, 0, 2]","[3, 1, 0, 2]","[0, 1, 3, 2]",3.8,3.2,0.4,bec_one_parameter,False
BEC_e0.600,erasure_control,True,BEC_s0.25000000__reduced__reduced,4,1.9406454496153462,0.9709505944546686,0.9696948551606777,0.35,1.35,0.5670405927238937,0.65,False,0.4,2,2.0,2.0,1.3333333333333333,True,13.159999999999998,23.799999999999997,48.0,"[3, 1, 2, 0]","[3, 1, 2, 0]","[3, 1, 2, 0]",3.6,2.8,0.4,bec_one_parameter,False
BEC_e0.600,erasure_control,True,BEC_s0.30000000__reduced__reduced,4,1.895461844238322,0.9709505944546686,0.9245112497836534,0.29999999999999993,1.2999999999999998,0.6214883767462704,0.7000000000000001,False,0.4,2,2.0,2.0,1.3333333333333333,True,13.159999999999998,23.799999999999997,48.0,"[3, 1, 2, 0]","[3, 1, 2, 0]","[3, 1, 2, 0]",3.6,2.8,0.4,bec_one_parameter,False
BEC_e0.600,erasure_control,True,BEC_s0.35000000__reduced__reduced,4,1.7762976257251988,0.9709505944546686,0.8053470312705302,0.24999999999999994,1.25,0.6780719051126376,0.75,False,0.4,2,2.0,2.0,1.3333333333333333,True,12.359999999999998,22.599999999999998,45.599999999999994,"[1, 2, 3, 0]","[1, 2, 3, 0]","[1, 2, 3, 0]",3.2,2.8,0.4,bec_one_parameter,False
BAC_a0.100_b0.250,binary_asymmetric,True,INDEPENDENT_ROWS__reduced__reduced,4,1.280273718048414,0.640136859024207,0.640136859024207,0.30000000000000004,1.3,0.6214883767462702,0.7000000000000001,False,0.3439266242368573,13,2.0,2.0,2.0,True,4.1,7.699999999999999,15.799999999999999,"[1, 0, 3, 2]","[1, 0, 3, 2]","[1, 0, 3, 2]",1.0,1.0,1.0,independent_row_coupling,True
BAC_a0.100_b0.250,binary_asymmetric,True,COMMON_UNIFORM_000__reduced__reduced,3,1.2361602543738117,0.640136859024207,0.5960233953496047,0.35,1.35,0.5670405927238937,0.65,False,0.3439266242368573,13,1.8250000000000002,2.0,1.5,True,4.1,7.65,15.599999999999998,"[1, 0, 2]","[1, 0, 2]","[1, 0, 2]",1.0,1.0,1.0,common_uniform,False
BAC_a0.100_b0.250,binary_asymmetric,True,COMMON_UNIFORM_001__reduced__reduced,3,1.0540157730728001,0.640136859024207,0.4138789140485931,0.15000000000000002,1.15,0.7983661388303496,0.85,False,0.3439266242368573,13,1.5750000000000002,2.0,1.5,True,4.1,7.65,15.599999999999998,"[1, 0, 2]","[1, 0, 2]","[1, 0, 2]",1.0,1.0,1.0,common_uniform,False
BAC_a0.100_b0.250,binary_asymmetric,True,BAC_t0.16000000__reduced__reduced,4,1.1235674490794936,0.640136859024207,0.48343059005528655,0.17,1.17,0.7734914701913203,0.83,False,0.3439266242368573,13,2.0,2.0,2.0,True,4.1,7.699999999999999,15.799999999999999,"[1, 0, 2, 3]","[1, 0, 2, 3]","[1, 0, 2, 3]",1.0,1.0,1.0,complete_bac_interval_grid,False
BAC_a0.100_b0.250,binary_asymmetric,True,BAC_t0.17000000__reduced__reduced,4,1.1704155787797543,0.640136859024207,0.5302787197555473,0.18999999999999997,1.19,0.7490384264667813,0.81,False,0.3439266242368573,13,2.0,2.0,2.0,True,4.1,7.699999999999999,15.799999999999999,"[1, 0, 2, 3]","[1, 0, 2, 3]","[1, 0, 2, 3]",1.0,1.0,1.0,complete_bac_interval_grid,False
BAC_a0.100_b0.250,binary_asymmetric,True,BAC_t0.18000000__reduced__reduced,4,1.2068599689109765,0.640136859024207,0.5667231098867694,0.21,1.21,0.7249929525001302,0.79,False,0.3439266242368573,13,2.0,2.0,2.0,True,4.1,7.699999999999999,15.799999999999999,"[1, 0, 2, 3]","[1, 0, 2, 3]","[1, 0, 2, 3]",1.0,1.0,1.0,complete_bac_interval_grid,False
BAC_a0.100_b0.250,binary_asymmetric,True,BAC_t0.19000000__reduced__reduced,4,1.23533175732885,0.640136859024207,0.595194898304643,0.23,1.23,0.7013416844354848,0.77,False,0.3439266242368573,13,2.0,2.0,2.0,True,4.1,7.699999999999999,15.799999999999999,"[1, 0, 2, 3]","[1, 0, 2, 3]","[1, 0, 2, 3]",1.0,1.0,1.0,complete_bac_interval_grid,False
BAC_a0.100_b0.250,binary_asymmetric,True,BAC_t0.20000000__reduced__reduced,4,1.2567796494470393,0.640136859024207,0.6166427904228323,0.25,1.25,0.6780719051126376,0.75,False,0.3439266242368573,13,2.0,2.0,2.0,True,4.1,7.699999999999999,15.799999999999999,"[1, 0, 3, 2]","[1, 0, 3, 2]","[1, 0, 3, 2]",1.0,1.0,1.0,complete_bac_interval_grid,False
BAC_a0.100_b0.250,binary_asymmetric,True,BAC_t0.21000000__reduced__reduced,4,1.271489905770979,0.640136859024207,0.631353046746772,0.27,1.27,0.6551715030025589,0.7300000000000001,False,0.3439266242368573,13,2.0,2.0,2.0,True,4.1,7.699999999999999,15.799999999999999,"[1, 0, 3, 2]","[1, 0, 3, 2]","[1, 0, 3, 2]",1.0,1.0,1.0,complete_bac_interval_grid,False
BAC_a0.100_b0.250,binary_asymmetric,True,BAC_t0.22000000__reduced__reduced,4,1.2792427820586214,0.640136859024207,0.6391059230344144,0.29000000000000004,1.29,0.6326289343514706,0.7100000000000001,False,0.3439266242368573,13,2.0,2.0,2.0,True,4.1,7.699999999999999,15.799999999999999,"[1, 0, 3, 2]","[1, 0, 3, 2]","[1, 0, 3, 2]",1.0,1.0,1.0,complete_bac_interval_grid,False
BAC_a0.100_b0.250,binary_asymmetric,True,BAC_t0.23000000__reduced__reduced,4,1.2791571822749042,0.640136859024207,0.6390203232506971,0.30999999999999994,1.31,0.6104331882372744,0.6900000000000001,False,0.3439266242368573,13,2.0,2.0,2.0,True,4.1,7.699999999999999,15.799999999999999,"[1, 0, 3, 2]","[1, 0, 3, 2]","[1, 0, 3, 2]",1.0,1.0,1.0,complete_bac_interval_grid,False
BAC_a0.100_b0.250,binary_asymmetric,True,BAC_t0.24000000__reduced__reduced,4,1.2688718206952598,0.640136859024207,0.6287349616710528,0.32999999999999996,1.33,0.588573754273535,0.67,False,0.3439266242368573,13,2.0,2.0,2.0,True,4.1,7.699999999999999,15.799999999999999,"[1, 0, 3, 2]","[1, 0, 3, 2]","[1, 0, 3, 2]",1.0,1.0,1.0,complete_bac_interval_grid,False
BAC_a0.200_b0.350,binary_asymmetric,True,INDEPENDENT_ROWS__reduced__reduced,4,1.6559961502628533,0.8279980751314266,0.8279980751314266,0.41,1.41,0.5043048373759312,0.59,False,0.1557433428655294,7,2.0,2.0,2.0,True,4.1,7.699999999999999,15.8,"[1, 0, 3, 2]","[1, 0, 3, 2]","[1, 0, 3, 2]",1.0,1.0,1.0,independent_row_coupling,True
BAC_a0.200_b0.350,binary_asymmetric,True,COMMON_UNIFORM_000__reduced__reduced,3,1.5128876215181601,0.8279980751314266,0.6848895463867335,0.5499999999999999,1.5499999999999998,0.36773178450048727,0.45000000000000007,False,0.1557433428655294,7,1.725,2.0,1.5,True,7.715,14.05,28.400000000000002,"[2, 1, 0]","[2, 1, 0]","[2, 1, 0]",2.0,1.85,1.0,common_uniform,False
BAC_a0.200_b0.350,binary_asymmetric,True,COMMON_UNIFORM_001__reduced__reduced,3,1.278897902987479,0.8279980751314266,0.4508998278560523,0.15000000000000002,1.15,0.7983661388303496,0.85,False,0.1557433428655294,7,1.575,2.0,1.5,True,4.1,7.65,15.6,"[1, 2, 0]","[1, 2, 0]","[1, 2, 0]",1.0,1.0,1.0,common_uniform,False
BAC_a0.200_b0.350,binary_asymmetric,True,BAC_t0.17000000__reduced__reduced,4,1.4127146546976033,0.8279980751314266,0.5847165795661766,0.18999999999999995,1.19,0.7490384264667813,0.8100000000000002,False,0.1557433428655294,7,2.0,2.0,2.0,True,4.1,7.699999999999999,15.8,"[1, 2, 0, 3]","[1, 2, 0, 3]","[1, 2, 0, 3]",1.0,1.0,1.0,complete_bac_interval_grid,False
BAC_a0.200_b0.350,binary_asymmetric,True,BAC_t0.19000000__reduced__reduced,4,1.4990001863070828,0.8279980751314266,0.6710021111756561,0.22999999999999998,1.23,0.7013416844354848,0.7700000000000001,False,0.1557433428655294,7,2.0,2.0,2.0,True,4.1,7.699999999999999,15.8,"[1, 0, 2, 3]","[1, 0, 2, 3]","[1, 0, 2, 3]",1.0,1.0,1.0,complete_bac_interval_grid,False
BAC_a0.200_b0.350,binary_asymmetric,True,BAC_t0.21000000__reduced__reduced,4,1.5625826927363646,0.8279980751314266,0.734584617604938,0.26999999999999996,1.27,0.6551715030025589,0.7300000000000001,False,0.1557433428655294,7,2.0,2.0,2.0,True,4.1,7.699999999999999,15.8,"[1, 0, 2, 3]","[1, 0, 2, 3]","[1, 0, 2, 3]",1.0,1.0,1.0,complete_bac_interval_grid,False
BAC_a0.200_b0.350,binary_asymmetric,True,BAC_t0.23000000__reduced__reduced,4,1.6084941317211703,0.8279980751314266,0.7804960565897436,0.31,1.31,0.6104331882372744,0.6900000000000001,False,0.1557433428655294,7,2.0,2.0,2.0,True,4.1,7.699999999999999,15.8,"[1, 0, 2, 3]","[1, 0, 2, 3]","[1, 0, 2, 3]",1.0,1.0,1.0,complete_bac_interval_grid,False
BAC_a0.200_b0.350,binary_asymmetric,True,BAC_t0.25000000__reduced__reduced,4,1.6387586809150083,0.8279980751314266,0.8107606057835817,0.35,1.35,0.5670405927238937,0.65,False,0.1557433428655294,7,2.0,2.0,2.0,True,4.1,7.699999999999999,15.8,"[1, 0, 2, 3]","[1, 0, 2, 3]","[1, 0, 2, 3]",1.0,1.0,1.0,complete_bac_interval_grid,False
BAC_a0.200_b0.350,binary_asymmetric,True,BAC_t0.27000000__reduced__reduced,4,1.6540432231855537,0.8279980751314266,0.8260451480541271,0.38999999999999996,1.39,0.5249151170512174,0.6100000000000001,False,0.1557433428655294,7,2.0,2.0,2.0,True,4.1,7.699999999999999,15.8,"[1, 0, 3, 2]","[1, 0, 3, 2]","[1, 0, 3, 2]",1.0,1.0,1.0,complete_bac_interval_grid,False
BAC_a0.200_b0.350,binary_asymmetric,True,BAC_t0.29000000__reduced__reduced,4,1.6539773376509321,0.8279980751314266,0.8259792625195055,0.43,1.43,0.4839848529963353,0.5700000000000001,False,0.1557433428655294,7,2.0,2.0,2.0,True,4.1,7.699999999999999,15.8,"[1, 0, 3, 2]","[1, 0, 3, 2]","[1, 0, 3, 2]",1.0,1.0,1.0,complete_bac_interval_grid,False
BAC_a0.200_b0.350,binary_asymmetric,True,BAC_t0.31000000__reduced__reduced,4,1.6368475099383413,0.8279980751314266,0.8088494348069146,0.4699999999999999,1.47,0.4441838449383603,0.5300000000000001,False,0.1557433428655294,7,2.0,2.0,2.0,True,7.715,14.1,28.6,"[3, 1, 0, 2]","[3, 1, 0, 2]","[3, 1, 0, 2]",2.0,1.85,1.0,complete_bac_interval_grid,False
BAC_a0.200_b0.350,binary_asymmetric,True,BAC_t0.33000000__reduced__reduced,4,1.5979628698383292,0.8279980751314266,0.7699647947069026,0.51,1.51,0.4054514504496458,0.4900000000000001,False,0.1557433428655294,7,2.0,2.0,2.0,True,7.715,14.1,28.6,"[3, 1, 0, 2]","[3, 1, 0, 2]","[3, 1, 0, 2]",2.0,1.85,1.0,complete_bac_interval_grid,False
BAC_a0.300_b0.400,binary_asymmetric,True,INDEPENDENT_ROWS__reduced__reduced,4,1.8522414936853613,0.9261207468426806,0.9261207468426806,0.45999999999999996,1.46,0.45403163089470755,0.54,False,0.06665490719480063,5,2.0,2.0,2.0,True,7.8100000000000005,14.299999999999999,29.0,"[3, 1, 0, 2]","[3, 1, 0, 2]","[3, 1, 0, 2]",2.0,1.9,1.0,independent_row_coupling,True
BAC_a0.300_b0.400,binary_asymmetric,True,COMMON_UNIFORM_000__reduced__reduced,3,1.5709505944546684,0.9261207468426806,0.6448298476119878,0.7000000000000001,1.7000000000000002,0.23446525363702275,0.29999999999999993,False,0.06665490719480063,5,1.65,2.0,1.5,True,12.080000000000002,22.1,44.5,"[2, 1, 0]","[2, 1, 0]","[2, 1, 0]",3.0,3.0,1.0,common_uniform,False
BAC_a0.300_b0.400,binary_asymmetric,True,COMMON_UNIFORM_001__reduced__reduced,3,1.295461844238322,0.9261207468426806,0.36934109739564125,0.09999999999999998,1.1,0.862496476250065,0.9,False,0.06665490719480063,5,1.55,2.0,1.5,True,4.1,7.65,15.6,"[1, 2, 0]","[1, 2, 0]","[1, 2, 0]",1.0,1.0,1.0,common_uniform,False
BAC_a0.300_b0.400,binary_asymmetric,True,BAC_t0.13000000__reduced__reduced,4,1.5066832177367089,0.9261207468426806,0.5805624708940282,0.16000000000000003,1.1600000000000001,0.7858751946471524,0.84,False,0.06665490719480063,5,2.0,2.0,2.0,True,4.1,7.7,15.8,"[1, 2, 0, 3]","[1, 2, 0, 3]","[1, 2, 0, 3]",1.0,1.0,1.0,complete_bac_interval_grid,False
BAC_a0.300_b0.400,binary_asymmetric,True,BAC_t0.16000000__reduced__reduced,4,1.640728188390105,0.9261207468426806,0.7146074415474244,0.22000000000000003,1.22,0.7131188522118385,0.7799999999999999,False,0.06665490719480063,5,2.0,2.0,2.0,True,4.1,7.7,15.8,"[1, 2, 0, 3]","[1, 2, 0, 3]","[1, 2, 0, 3]",1.0,1.0,1.0,complete_bac_interval_grid,False
BAC_a0.300_b0.400,binary_asymmetric,True,BAC_t0.19000000__reduced__reduced,4,1.736133128901633,0.9261207468426806,0.8100123820589524,0.28,1.2799999999999998,0.6438561897747249,0.7199999999999999,False,0.06665490719480063,5,2.0,2.0,2.0,True,4.1,7.7,15.8,"[1, 2, 0, 3]","[1, 2, 0, 3]","[1, 2, 0, 3]",1.0,1.0,1.0,complete_bac_interval_grid,False
BAC_a0.300_b0.400,binary_asymmetric,True,BAC_t0.22000000__reduced__reduced,4,1.8012172329822094,0.9261207468426806,0.8750964861395287,0.33999999999999997,1.3399999999999999,0.5777669993169524,0.6599999999999999,False,0.06665490719480063,5,2.0,2.0,2.0,True,7.8100000000000005,14.299999999999999,29.0,"[3, 1, 0, 2]","[3, 1, 0, 2]","[3, 1, 0, 2]",2.0,1.9,1.0,complete_bac_interval_grid,False
BAC_a0.300_b0.400,binary_asymmetric,True,BAC_t0.25000000__reduced__reduced,4,1.8394910703001344,0.9261207468426806,0.9133703234574537,0.39999999999999997,1.4,0.5145731728297583,0.6,False,0.06665490719480063,5,2.0,2.0,2.0,True,7.8100000000000005,14.299999999999999,29.0,"[3, 1, 0, 2]","[3, 1, 0, 2]","[3, 1, 0, 2]",2.0,1.9,1.0,complete_bac_interval_grid,False
BAC_a0.300_b0.400,binary_asymmetric,True,BAC_t0.31000000__reduced__reduced,4,1.8390685592851688,0.9261207468426806,0.9129478124424881,0.52,1.52,0.39592867633113915,0.47999999999999987,False,0.06665490719480063,5,2.0,2.0,2.0,True,8.3,15.375,31.15,"[0, 1, 2, 3]","[0, 1, 2, 3]","[0, 1, 2, 3]",2.0,2.1,1.0,complete_bac_interval_grid,False
BAC_a0.300_b0.400,binary_asymmetric,True,BAC_t0.34000000__reduced__reduced,4,1.79745707301403,0.9261207468426806,0.8713363261713494,0.5800000000000001,1.58,0.3400754415976217,0.41999999999999993,False,0.06665490719480063,5,2.0,2.0,2.0,True,8.3,15.375,31.15,"[0, 1, 2, 3]","[0, 1, 2, 3]","[0, 1, 2, 3]",2.0,2.1,1.0,complete_bac_interval_grid,False
BAC_a0.300_b0.400,binary_asymmetric,True,BAC_t0.37000000__reduced__reduced,4,1.7203398844979525,0.9261207468426806,0.7942191376552719,0.6400000000000001,1.6400000000000001,0.2863041851566409,0.3599999999999999,False,0.06665490719480063,5,2.0,2.0,2.0,True,8.3,15.375,31.15,"[0, 1, 3, 2]","[0, 1, 3, 2]","[0, 1, 3, 2]",2.0,2.1,1.0,complete_bac_interval_grid,False
AES_INJECTIVE_FRIENDLY,asymmetric_erasure_stuck,True,INDEPENDENT_ROWS__reduced__reduced,9,2.227920402554785,1.1139602012773926,1.1139602012773926,0.15750000000000003,1.1575000000000002,0.7889878065144881,0.8425,False,0.42507744466194275,15,3.0,3.0,3.0,True,10.57,19.5,39.9,"[1, 2, 7, 0, 8, 4, 6, 5, 3]","[1, 2, 7, 0, 8, 4, 6, 5, 3]","[1, 2, 7, 0, 8, 4, 6, 5, 3]",2.9000000000000004,2.1,1.0,independent_row_coupling,True
AES_INJECTIVE_FRIENDLY,asymmetric_erasure_stuck,True,COMMON_UNIFORM_000__reduced__reduced,4,1.4166422780956525,1.1139602012773926,0.30268207681825987,0.29999999999999993,1.3,0.6214883767462702,0.7000000000000001,False,0.42507744466194275,15,1.5,2.0,1.3333333333333333,True,6.305,11.525,23.450000000000003,"[1, 0, 2, 3]","[1, 0, 2, 3]","[1, 0, 2, 3]",1.675,1.4500000000000002,1.0,common_uniform,False
AES_INJECTIVE_FRIENDLY,asymmetric_erasure_stuck,True,COMMON_UNIFORM_001__reduced__reduced,5,2.041446071165522,1.1139602012773926,0.9274858698881294,0.15000000000000005,1.1500000000000001,0.7983661388303493,0.85,False,0.42507744466194275,15,2.4000000000000004,3.0,1.6666666666666667,True,8.2475,14.900000000000002,30.3,"[2, 1, 0, 3, 4]","[2, 1, 0, 3, 4]","[2, 1, 0, 3, 4]",2.45,1.425,1.0,common_uniform,False
AES_INJECTIVE_FRIENDLY,asymmetric_erasure_stuck,True,COMMON_UNIFORM_003__reduced__reduced,5,1.6166422780956524,1.1139602012773926,0.5026820768182598,0.09999999999999998,1.1,0.862496476250065,0.9,False,0.42507744466194275,15,1.725,3.0,1.6666666666666667,True,6.8225,12.7,25.9,"[0, 1, 4, 2, 3]","[0, 1, 4, 2, 3]","[0, 1, 4, 2, 3]",1.675,1.675,1.0,common_uniform,False
AES_INJECTIVE_FRIENDLY,asymmetric_erasure_stuck,True,COMMON_UNIFORM_005__reduced__reduced,5,1.8804820237218407,1.1139602012773926,0.7665218224444481,0.050000000000000044,1.05,0.929610672108602,0.95,False,0.42507744466194275,15,2.125,3.0,1.6666666666666667,True,7.7075,14.0,28.5,"[1, 0, 2, 3, 4]","[1, 0, 2, 3, 4]","[1, 0, 2, 3, 4]",2.225,1.425,1.0,common_uniform,False
AES_INJECTIVE_FRIENDLY,asymmetric_erasure_stuck,True,COMMON_UNIFORM_009__reduced__reduced,5,1.5788979029874788,1.1139602012773926,0.4649377017100862,0.15000000000000002,1.15,0.7983661388303496,0.85,False,0.42507744466194275,15,1.6500000000000001,2.0,1.6666666666666667,True,6.305,11.575,23.65,"[0, 2, 1, 4, 3]","[0, 2, 1, 4, 3]","[0, 2, 1, 4, 3]",1.675,1.4500000000000002,1.0,common_uniform,False
AES_INJECTIVE_FRIENDLY,asymmetric_erasure_stuck,True,COMMON_UNIFORM_011__reduced__reduced,5,1.842737648613667,1.1139602012773926,0.7287774473362745,0.0,1.0,1.0,1.0,False,0.42507744466194275,15,1.85,2.0,1.6666666666666667,True,7.7075,14.0,28.5,"[1, 0, 2, 3, 4]","[1, 0, 2, 3, 4]","[1, 0, 2, 3, 4]",2.225,1.425,1.0,common_uniform,False
AES_INJECTIVE_FRIENDLY,asymmetric_erasure_stuck,True,LP_MIN_AMBIGUITY__reduced__reduced,5,1.8192407046368488,1.1139602012773926,0.7052805033594562,0.0,1.0,1.0,1.0,False,0.42507744466194275,15,1.9250000000000003,2.0,1.6666666666666667,True,5.5175,10.225,20.950000000000003,"[0, 1, 2, 3, 4]","[0, 1, 2, 3, 4]","[0, 1, 2, 3, 4]",1.4500000000000002,1.225,1.0,linear_program,False
AES_INJECTIVE_FRIENDLY,asymmetric_erasure_stuck,True,AES_INJECTIVE_FRIENDLY_V_004__reduced__reduced,5,1.5166422780956523,1.1139602012773926,0.40268207681825974,0.25,1.25,0.6780719051126376,0.75,False,0.42507744466194275,15,1.925,3.0,1.6666666666666667,True,6.755,12.25,25.0,"[1, 0, 3, 2, 4]","[1, 0, 3, 2, 4]","[1, 0, 3, 2, 4]",1.9,1.4500000000000002,1.0,random_lp_vertex,False
AES_INJECTIVE_FRIENDLY,asymmetric_erasure_stuck,True,AES_INJECTIVE_FRIENDLY_V_007__reduced__reduced,5,1.9149798205164812,1.1139602012773926,0.8010196192390886,0.05,1.05,0.929610672108602,0.9500000000000001,False,0.42507744466194275,15,2.125,3.0,1.6666666666666667,True,8.2475,14.900000000000002,30.3,"[2, 1, 0, 3, 4]","[2, 1, 0, 3, 4]","[2, 1, 0, 3, 4]",2.45,1.425,1.0,random_lp_vertex,False
AES_INJECTIVE_FRIENDLY,asymmetric_erasure_stuck,True,AES_INJECTIVE_FRIENDLY_V_010__reduced__reduced,5,1.7332062193464954,1.1139602012773926,0.6192460180691028,0.15000000000000002,1.15,0.7983661388303496,0.85,False,0.42507744466194275,15,1.9250000000000003,2.0,1.6666666666666667,True,6.305,11.575,23.65,"[0, 2, 4, 1, 3]","[0, 2, 4, 1, 3]","[0, 2, 4, 1, 3]",1.675,1.4500000000000002,1.0,random_lp_vertex,False
AES_INJECTIVE_FRIENDLY,asymmetric_erasure_stuck,True,AES_INJECTIVE_FRIENDLY_V_013__reduced__reduced,5,1.6709505944546688,1.1139602012773926,0.5569903931772762,0.35000000000000003,1.35,0.5670405927238937,0.65,False,0.42507744466194275,15,2.2,3.0,1.6666666666666667,True,6.755,12.25,25.0,"[1, 0, 3, 2, 4]","[1, 0, 3, 2, 4]","[1, 0, 3, 2, 4]",1.9,1.4500000000000002,1.0,random_lp_vertex,False
AES_INJECTIVE_FRIENDLY,asymmetric_erasure_stuck,True,AES_INJECTIVE_FRIENDLY_V_016__reduced__reduced,5,1.9954618442383218,1.1139602012773926,0.8815016429609293,0.1,1.1,0.862496476250065,0.9,False,0.42507744466194275,15,2.2,3.0,1.6666666666666667,True,8.675,15.8,32.1,"[2, 1, 0, 3, 4]","[2, 1, 0, 3, 4]","[2, 1, 0, 3, 4]",2.45,1.65,1.0,random_lp_vertex,False
AES_OVERLOADED_ERASURE,asymmetric_erasure_stuck,True,INDEPENDENT_ROWS__reduced__reduced,9,2.4554009590106607,1.2277004795053303,1.2277004795053303,0.41000000000000003,1.4100000000000001,0.504304837375931,0.5900000000000001,False,0.12502613216964656,6,3.0,3.0,3.0,True,17.725,32.2,65.3,"[8, 2, 7, 1, 6, 0, 5, 4, 3]","[8, 2, 7, 1, 6, 0, 5, 4, 3]","[8, 2, 7, 1, 6, 0, 5, 4, 3]",4.950000000000001,3.5500000000000007,1.0,independent_row_coupling,True
AES_OVERLOADED_ERASURE,asymmetric_erasure_stuck,True,COMMON_UNIFORM_000__reduced__reduced,5,1.7387586809150082,1.2277004795053303,0.5110582014096778,0.65,1.6500000000000001,0.2775339755289088,0.35,False,0.12502613216964656,6,2.0500000000000003,3.0,1.6666666666666667,True,13.760000000000002,24.950000000000003,50.400000000000006,"[1, 4, 0, 2, 3]","[1, 4, 0, 2, 3]","[1, 4, 0, 2, 3]",3.8000000000000007,2.8000000000000003,1.0,common_uniform,False
AES_OVERLOADED_ERASURE,asymmetric_erasure_stuck,True,COMMON_UNIFORM_001__reduced__reduced,5,2.090468570732828,1.2277004795053303,0.8627680912274978,0.4,1.4,0.5145731728297583,0.6000000000000001,False,0.12502613216964656,6,2.125,3.0,1.6666666666666667,True,15.575000000000001,28.3,57.10000000000001,"[0, 4, 1, 2, 3]","[0, 4, 1, 2, 3]","[0, 4, 1, 2, 3]",4.15,3.45,1.0,common_uniform,False
AES_OVERLOADED_ERASURE,asymmetric_erasure_stuck,True,COMMON_UNIFORM_003__reduced__reduced,5,1.9772354454083079,1.2277004795053303,0.7495349659029775,0.45,1.45,0.4639470997597903,0.55,False,0.12502613216964656,6,2.125,3.0,1.6666666666666667,True,13.755,25.150000000000002,50.80000000000001,"[0, 1, 4, 2, 3]","[0, 1, 4, 2, 3]","[0, 1, 4, 2, 3]",3.6000000000000005,3.0500000000000003,1.0,common_uniform,False
AES_OVERLOADED_ERASURE,asymmetric_erasure_stuck,True,COMMON_UNIFORM_004__reduced__reduced,5,2.0414460711655216,1.2277004795053303,0.8137455916601912,0.2,1.2,0.7369655941662062,0.8,False,0.12502613216964656,6,2.2,3.0,1.6666666666666667,True,12.435000000000002,22.825000000000003,46.150000000000006,"[4, 1, 0, 3, 2]","[4, 1, 0, 3, 2]","[4, 1, 0, 3, 2]",3.1500000000000004,2.95,1.0,common_uniform,False
AES_OVERLOADED_ERASURE,asymmetric_erasure_stuck,True,COMMON_UNIFORM_007__reduced__reduced,5,2.063865121950854,1.2277004795053303,0.8361646424455238,0.5,1.5,0.4150374992788438,0.5,False,0.12502613216964656,6,1.9250000000000003,2.0,1.6666666666666667,True,11.780000000000001,21.375,43.25000000000001,"[0, 1, 4, 3, 2]","[0, 1, 4, 3, 2]","[0, 1, 4, 3, 2]",3.1500000000000004,2.7,1.0,common_uniform,False
AES_OVERLOADED_ERASURE,asymmetric_erasure_stuck,True,COMMON_UNIFORM_009__reduced__reduced,5,1.842737648613667,1.2277004795053303,0.6150371691083367,0.5,1.5,0.4150374992788438,0.5,False,0.12502613216964656,6,1.85,2.0,1.6666666666666667,True,11.175,20.35,41.2,"[0, 1, 4, 2, 3]","[0, 1, 4, 2, 3]","[0, 1, 4, 2, 3]",3.0,2.45,1.0,common_uniform,False
AES_OVERLOADED_ERASURE,asymmetric_erasure_stuck,True,COMMON_UNIFORM_010__reduced__reduced,5,2.0414460711655216,1.2277004795053303,0.8137455916601912,0.30000000000000004,1.3,0.6214883767462702,0.7,False,0.12502613216964656,6,2.0,3.0,1.6666666666666667,True,8.680000000000001,16.0,32.5,"[4, 0, 3, 1, 2]","[4, 0, 3, 1, 2]","[4, 0, 3, 1, 2]",2.1500000000000004,2.2,1.0,common_uniform,False
AES_OVERLOADED_ERASURE,asymmetric_erasure_stuck,True,COMMON_UNIFORM_011__reduced__reduced,5,1.960964047443681,1.2277004795053303,0.7332635679383506,0.25,1.25,0.6780719051126376,0.75,False,0.12502613216964656,6,1.9250000000000003,3.0,1.6666666666666667,True,8.680000000000001,16.0,32.5,"[4, 0, 3, 1, 2]","[4, 0, 3, 1, 2]","[4, 0, 3, 1, 2]",2.1500000000000004,2.2,1.0,common_uniform,False
AES_OVERLOADED_ERASURE,asymmetric_erasure_stuck,True,AES_OVERLOADED_ERASURE_V_008__reduced__reduced,5,1.8192407046368488,1.2277004795053303,0.5915402251315185,0.7000000000000001,1.7000000000000002,0.23446525363702275,0.30000000000000004,False,0.12502613216964656,6,1.85,3.0,1.6666666666666667,True,12.615000000000002,22.750000000000004,46.0,"[1, 2, 4, 0, 3]","[1, 2, 4, 0, 3]","[1, 2, 4, 0, 3]",3.6000000000000005,2.45,1.0,random_lp_vertex,False
RAND_2x3_00,random_rational,True,INDEPENDENT_ROWS__reduced__reduced,9,3.0074033921146968,1.5037016960573482,1.5037016960573486,0.36,1.36,0.5563933485243852,0.64,False,0.009185931979115505,3,3.0,3.0,3.0,True,25.990000000000002,47.0,94.89999999999999,"[8, 5, 0, 3, 6, 4, 2, 7, 1]","[8, 5, 0, 3, 6, 4, 2, 7, 1]","[8, 5, 0, 3, 6, 4, 2, 7, 1]",7.3,5.1,0.8,independent_row_coupling,True
RAND_2x3_00,random_rational,True,COMMON_UNIFORM_000__reduced__reduced,5,2.046439344671015,1.5037016960573482,0.542737648613667,0.8,1.8,0.15200309344504992,0.19999999999999996,False,0.009185931979115505,3,1.65,2.0,1.6666666666666667,True,16.76,29.75,60.0,"[2, 3, 4, 0, 1]","[2, 3, 4, 0, 1]","[2, 3, 4, 0, 1]",5.0,3.2,0.8,common_uniform,False
RAND_2x3_00,random_rational,True,COMMON_UNIFORM_001__reduced__reduced,5,2.121928094887362,1.5037016960573482,0.6182263988300138,0.6000000000000001,1.6,0.3219280948873623,0.3999999999999999,False,0.009185931979115505,3,1.7000000000000002,2.0,1.6666666666666667,True,15.89,28.424999999999997,57.35,"[4, 3, 0, 1, 2]","[4, 3, 0, 1, 2]","[4, 3, 0, 1, 2]",4.65,3.0,0.8,common_uniform,False
RAND_2x3_00,random_rational,True,COMMON_UNIFORM_002__reduced__reduced,5,2.2464393446710154,1.5037016960573482,0.7427376486136672,0.5,1.5,0.4150374992788438,0.49999999999999994,False,0.009185931979115505,3,1.9,3.0,1.6666666666666667,True,16.155,29.1,58.7,"[0, 3, 4, 2, 1]","[0, 3, 4, 2, 1]","[0, 3, 4, 2, 1]",4.55,3.25,0.8,common_uniform,False
RAND_2x3_00,random_rational,True,COMMON_UNIFORM_003__reduced__reduced,5,2.121928094887362,1.5037016960573482,0.6182263988300138,0.0,1.0,1.0,1.0,False,0.009185931979115505,3,1.7000000000000002,2.0,1.6666666666666667,True,12.690000000000001,22.825,46.150000000000006,"[3, 2, 4, 0, 1]","[3, 2, 4, 0, 1]","[3, 2, 4, 0, 1]",3.75,2.2,0.8,common_uniform,False
RAND_2x3_00,random_rational,True,COMMON_UNIFORM_004__reduced__reduced,5,2.2464393446710154,1.5037016960573482,0.7427376486136672,0.10000000000000003,1.1,0.862496476250065,0.8999999999999999,False,0.009185931979115505,3,1.9,3.0,1.6666666666666667,True,14.81,26.7,53.9,"[0, 2, 3, 4, 1]","[0, 2, 3, 4, 1]","[0, 2, 3, 4, 1]",4.199999999999999,2.9000000000000004,0.8,common_uniform,False
RAND_2x3_00,random_rational,True,COMMON_UNIFORM_005__reduced__reduced,5,2.0464393446710156,1.5037016960573482,0.5427376486136675,0.09999999999999998,1.1,0.862496476250065,0.9,False,0.009185931979115505,3,1.65,2.0,1.6666666666666667,True,12.155000000000001,21.599999999999998,43.7,"[3, 2, 4, 0, 1]","[3, 2, 4, 0, 1]","[3, 2, 4, 0, 1]",3.75,2.0500000000000003,0.8,common_uniform,False
RAND_2x3_00,random_rational,True,COMMON_UNIFORM_006__reduced__reduced,5,2.1219280948873624,1.5037016960573482,0.6182263988300143,0.5000000000000001,1.5,0.4150374992788438,0.4999999999999999,False,0.009185931979115505,3,1.8000000000000003,3.0,1.6666666666666667,True,16.205,29.1,58.7,"[0, 2, 4, 3, 1]","[0, 2, 4, 3, 1]","[0, 2, 4, 3, 1]",4.65,3.15,0.8,common_uniform,False
RAND_2x3_00,random_rational,True,COMMON_UNIFORM_007__reduced__reduced,4,1.8464393446710154,1.5037016960573482,0.3427376486136673,0.9,1.9,0.07400058144377697,0.09999999999999998,False,0.009185931979115505,3,1.4500000000000002,2.0,1.3333333333333333,True,13.9,24.849999999999998,50.099999999999994,"[1, 0, 2, 3]","[1, 0, 2, 3]","[1, 0, 2, 3]",4.0,2.8,0.8,common_uniform,False
RAND_2x3_00,random_rational,True,COMMON_UNIFORM_008__reduced__reduced,5,2.246439344671016,1.5037016960573482,0.7427376486136676,0.3000000000000001,1.3,0.6214883767462702,0.7,False,0.009185931979115505,3,1.8,2.0,1.6666666666666667,True,15.834999999999999,28.375,57.25,"[4, 2, 0, 3, 1]","[4, 2, 0, 3, 1]","[4, 2, 0, 3, 1]",4.55,3.15,0.8,common_uniform,False
RAND_2x3_00,random_rational,True,COMMON_UNIFORM_009__reduced__reduced,5,2.2464393446710154,1.5037016960573482,0.7427376486136672,0.09999999999999998,1.1,0.862496476250065,0.9,False,0.009185931979115505,3,1.8,2.0,1.6666666666666667,True,12.815000000000001,23.025,46.550000000000004,"[4, 3, 2, 0, 1]","[4, 3, 2, 0, 1]","[4, 3, 2, 0, 1]",3.75,2.3499999999999996,0.8,common_uniform,False
RAND_2x3_00,random_rational,True,COMMON_UNIFORM_010__reduced__reduced,4,1.8464393446710154,1.5037016960573482,0.3427376486136673,0.3,1.3,0.6214883767462702,0.7,False,0.009185931979115505,3,1.45,2.0,1.3333333333333333,True,10.79,19.2,38.8,"[2, 0, 3, 1]","[2, 0, 3, 1]","[2, 0, 3, 1]",3.2,2.1,0.8,common_uniform,False
RAND_2x3_00,random_rational,True,COMMON_UNIFORM_011__reduced__reduced,5,2.1709505944546685,1.5037016960573482,0.6672488983973204,0.0,1.0,1.0,1.0,False,0.009185931979115505,3,1.7499999999999998,2.0,1.6666666666666667,True,12.72,22.9,46.3,"[4, 2, 3, 0, 1]","[4, 2, 3, 0, 1]","[4, 2, 3, 0, 1]",3.75,2.2,0.8,common_uniform,False
RAND_2x3_00,random_rational,True,RAND_2x3_00_V_005__reduced__reduced,5,2.1709505944546685,1.5037016960573482,0.6672488983973204,0.6000000000000001,1.6,0.3219280948873623,0.4,False,0.009185931979115505,3,1.7499999999999998,2.0,1.6666666666666667,True,15.649999999999999,28.025000000000002,56.55,"[4, 3, 0, 2, 1]","[4, 3, 0, 2, 1]","[4, 3, 0, 2, 1]",4.55,3.0,0.8,random_lp_vertex,False
RAND_2x3_00,random_rational,True,RAND_2x3_00_V_007__reduced__reduced,5,2.2464393446710154,1.5037016960573482,0.7427376486136672,0.5,1.5,0.4150374992788438,0.5,False,0.009185931979115505,3,1.8,2.0,1.6666666666666667,True,14.469999999999999,25.925000000000004,52.35,"[4, 3, 0, 2, 1]","[4, 3, 0, 2, 1]","[4, 3, 0, 2, 1]",4.199999999999999,2.8,0.8,random_lp_vertex,False
RAND_2x3_01,random_rational,True,INDEPENDENT_ROWS__reduced__reduced,9,3.1401627476760523,1.5700813738380264,1.570081373838026,0.33749999999999997,1.3375,0.5804611084862155,0.6625,False,0.0028448302168544333,2,3.0,3.0,3.0,True,27.5775,49.712500000000006,100.32499999999999,"[5, 8, 2, 6, 3, 4, 0, 1, 7]","[5, 8, 2, 6, 3, 4, 0, 1, 7]","[5, 8, 2, 6, 3, 4, 0, 1, 7]",7.9750000000000005,4.975,0.65,independent_row_coupling,True
RAND_2x3_01,random_rational,True,COMMON_UNIFORM_000__reduced__reduced,4,1.776297625725199,1.5700813738380264,0.20621625188717263,0.95,1.95,0.036525876025114035,0.050000000000000044,False,0.0028448302168544333,2,1.35,2.0,1.3333333333333333,True,13.535,24.05,48.5,"[3, 2, 1, 0]","[3, 2, 1, 0]","[3, 2, 1, 0]",4.0,2.65,0.65,common_uniform,False
RAND_2x3_01,random_rational,True,COMMON_UNIFORM_001__reduced__reduced,4,1.8833830982290134,1.5700813738380264,0.313301724390987,0.44999999999999996,1.45,0.4639470997597903,0.55,False,0.0028448302168544333,2,1.375,2.0,1.3333333333333333,True,11.295,20.162499999999998,40.724999999999994,"[1, 2, 0, 3]","[1, 2, 0, 3]","[1, 2, 0, 3]",3.35,2.1,0.65,common_uniform,False
RAND_2x3_01,random_rational,True,COMMON_UNIFORM_002__reduced__reduced,4,1.776297625725199,1.5700813738380264,0.20621625188717263,0.25,1.25,0.6780719051126376,0.75,False,0.0028448302168544333,2,1.35,2.0,1.3333333333333333,True,12.2125,21.775,43.949999999999996,"[3, 2, 1, 0]","[3, 2, 1, 0]","[3, 2, 1, 0]",3.625,2.275,0.65,common_uniform,False
RAND_2x3_01,random_rational,True,COMMON_UNIFORM_003__reduced__reduced,4,1.8833830982290134,1.5700813738380264,0.313301724390987,0.0,1.0,1.0,1.0,False,0.0028448302168544333,2,1.3749999999999998,2.0,1.3333333333333333,True,12.690000000000001,22.912499999999998,46.224999999999994,"[3, 1, 2, 0]","[3, 1, 2, 0]","[3, 1, 2, 0]",3.625,2.3499999999999996,0.65,common_uniform,False
RAND_2x3_01,random_rational,True,COMMON_UNIFORM_004__reduced__reduced,5,2.090468570732828,1.5700813738380264,0.5203871968948017,0.14999999999999997,1.15,0.7983661388303496,0.8500000000000001,False,0.0028448302168544333,2,1.725,2.0,1.6666666666666667,True,14.795,26.437499999999996,53.375,"[0, 2, 3, 1, 4]","[0, 2, 3, 1, 4]","[0, 2, 3, 1, 4]",4.35,2.8,0.65,common_uniform,False
RAND_2x3_01,random_rational,True,COMMON_UNIFORM_005__reduced__reduced,5,2.090468570732828,1.5700813738380264,0.5203871968948017,0.30000000000000004,1.3,0.6214883767462702,0.7,False,0.0028448302168544333,2,1.725,2.0,1.6666666666666667,True,16.0275,28.762499999999996,58.025,"[1, 4, 2, 3, 0]","[1, 4, 2, 3, 0]","[1, 4, 2, 3, 0]",4.625,3.075,0.65,common_uniform,False
RAND_2x3_01,random_rational,True,COMMON_UNIFORM_010__reduced__reduced,5,1.9833830982290135,1.5700813738380264,0.4133017243909871,0.39999999999999997,1.4,0.5145731728297583,0.6000000000000001,False,0.0028448302168544333,2,1.7249999999999999,3.0,1.6666666666666667,True,16.215,28.974999999999998,58.449999999999996,"[0, 2, 3, 1, 4]","[0, 2, 3, 1, 4]","[0, 2, 3, 1, 4]",4.725,3.15,0.65,common_uniform,False
RAND_2x3_01,random_rational,True,COMMON_UNIFORM_011__reduced__reduced,5,1.9833830982290135,1.5700813738380264,0.4133017243909871,0.050000000000000044,1.05,0.929610672108602,0.95,False,0.0028448302168544333,2,1.7249999999999999,3.0,1.6666666666666667,True,13.419999999999998,24.012500000000003,48.525,"[3, 2, 1, 0, 4]","[3, 2, 1, 0, 4]","[3, 2, 1, 0, 4]",3.975,2.4499999999999997,0.65,common_uniform,False
RAND_2x3_01,random_rational,True,LP_MIN_KAPPA__reduced__reduced,5,2.07838982472352,1.5700813738380264,0.5083084508854938,0.0,1.0,1.0,1.0,False,0.0028448302168544333,2,1.7,2.0,1.6666666666666667,True,13.515,24.325,49.150000000000006,"[1, 2, 3, 0, 4]","[1, 2, 3, 0, 4]","[1, 2, 3, 0, 4]",3.975,2.3499999999999996,0.65,linear_program,False
RAND_2x3_01,random_rational,True,RAND_2x3_01_V_006__reduced__reduced,5,2.185475297227334,1.5700813738380264,0.6153939233893078,0.19999999999999996,1.2,0.7369655941662062,0.8,False,0.0028448302168544333,2,1.725,2.0,1.6666666666666667,True,15.9925,28.674999999999997,57.85,"[0, 4, 2, 3, 1]","[0, 4, 2, 3, 1]","[0, 4, 2, 3, 1]",4.625,3.075,0.65,random_lp_vertex,False
RAND_2x3_01,random_rational,True,RAND_2x3_01_V_009__reduced__reduced,5,1.9833830982290137,1.5700813738380264,0.41330172439098734,0.30000000000000004,1.3,0.6214883767462702,0.7,False,0.0028448302168544333,2,1.7,2.0,1.6666666666666667,True,15.835,28.337500000000002,57.175,"[4, 1, 2, 3, 0]","[4, 1, 2, 3, 0]","[4, 1, 2, 3, 0]",4.625,3.0,0.65,random_lp_vertex,False
RAND_2x3_02,random_rational,True,INDEPENDENT_ROWS__reduced__reduced,9,2.924233978142342,1.4621169890711712,1.4621169890711707,0.2849999999999999,1.2849999999999997,0.6382316405808469,0.7149999999999999,False,0.11081351160193972,6,3.0,3.0,3.0,True,15.5725,28.362499999999997,57.625,"[2, 1, 5, 0, 8, 4, 7, 3, 6]","[2, 1, 5, 0, 8, 4, 7, 3, 6]","[2, 1, 5, 0, 8, 4, 7, 3, 6]",4.45,2.825,1.0,independent_row_coupling,True
RAND_2x3_02,random_rational,True,COMMON_UNIFORM_000__reduced__reduced,5,2.165957320949175,1.4621169890711712,0.7038403318780038,0.39999999999999997,1.4,0.5145731728297583,0.6000000000000001,False,0.11081351160193972,6,2.05,3.0,1.6666666666666667,True,12.3075,21.737499999999997,43.975,"[4, 3, 1, 0, 2]","[4, 3, 1, 0, 2]","[4, 3, 1, 0, 2]",3.9,1.9749999999999999,1.0,common_uniform,False
RAND_2x3_02,random_rational,True,COMMON_UNIFORM_001__reduced__reduced,5,2.201609497059027,1.4621169890711712,0.739492507987856,0.3000000000000001,1.3,0.6214883767462702,0.7,False,0.11081351160193972,6,1.8,2.0,1.6666666666666667,True,12.802500000000002,22.775,46.05,"[2, 3, 1, 4, 0]","[2, 3, 1, 4, 0]","[2, 3, 1, 4, 0]",3.925,2.175,1.0,common_uniform,False
RAND_2x3_02,random_rational,True,COMMON_UNIFORM_003__reduced__reduced,4,1.9854752972273344,1.4621169890711712,0.5233583081561632,0.0,1.0,1.0,1.0,False,0.11081351160193972,6,1.525,2.0,1.3333333333333333,True,10.365,18.812499999999996,38.025,"[0, 1, 2, 3]","[0, 1, 2, 3]","[0, 1, 2, 3]",2.9,2.0,1.0,common_uniform,False
RAND_2x3_02,random_rational,True,COMMON_UNIFORM_004__reduced__reduced,5,1.9232196723355077,1.4621169890711712,0.46110268326433657,0.15000000000000013,1.1500000000000001,0.7983661388303493,0.8499999999999999,False,0.11081351160193972,6,1.6500000000000001,2.0,1.6666666666666667,True,8.465,15.149999999999999,30.8,"[3, 1, 0, 4, 2]","[3, 1, 0, 4, 2]","[3, 1, 0, 4, 2]",2.55,1.5500000000000003,1.0,common_uniform,False
RAND_2x3_02,random_rational,True,COMMON_UNIFORM_005__reduced__reduced,4,1.6804820237218405,1.4621169890711712,0.21836503465066937,0.25,1.25,0.6780719051126376,0.75,False,0.11081351160193972,6,1.425,2.0,1.3333333333333333,True,8.465,15.1,30.599999999999998,"[2, 1, 0, 3]","[2, 1, 0, 3]","[2, 1, 0, 3]",2.55,1.5500000000000003,1.0,common_uniform,False
RAND_2x3_02,random_rational,True,COMMON_UNIFORM_007__reduced__reduced,5,2.1211274733371868,1.4621169890711712,0.6590104842660156,0.5999999999999999,1.5999999999999999,0.3219280948873625,0.4000000000000001,False,0.11081351160193972,6,1.775,2.0,1.6666666666666667,True,11.905000000000001,21.225,42.95,"[2, 4, 1, 0, 3]","[2, 4, 1, 0, 3]","[2, 4, 1, 0, 3]",3.55,2.25,1.0,common_uniform,False
RAND_2x3_02,random_rational,True,COMMON_UNIFORM_009__reduced__reduced,5,2.1659573209491754,1.4621169890711712,0.7038403318780042,0.19999999999999996,1.2,0.7369655941662062,0.8,False,0.11081351160193972,6,1.9,3.0,1.6666666666666667,True,10.6725,19.425,39.349999999999994,"[0, 1, 4, 2, 3]","[0, 1, 4, 2, 3]","[0, 1, 4, 2, 3]",2.975,2.0749999999999997,1.0,common_uniform,False
RAND_2x3_02,random_rational,True,COMMON_UNIFORM_010__reduced__reduced,5,1.842737648613667,1.4621169890711712,0.3806206595424959,0.30000000000000004,1.3,0.6214883767462702,0.7,False,0.11081351160193972,6,1.625,2.0,1.6666666666666667,True,9.125,16.25,33.0,"[2, 1, 0, 3, 4]","[2, 1, 0, 3, 4]","[2, 1, 0, 3, 4]",2.825,1.5500000000000003,1.0,common_uniform,False
RAND_2x3_02,random_rational,True,COMMON_UNIFORM_011__reduced__reduced,5,1.8609640474436813,1.4621169890711712,0.3988470583725101,0.050000000000000044,1.05,0.929610672108602,0.95,False,0.11081351160193972,6,1.7,3.0,1.6666666666666667,True,8.9875,16.25,33.0,"[3, 1, 0, 4, 2]","[3, 1, 0, 4, 2]","[3, 1, 0, 4, 2]",2.55,1.8250000000000002,1.0,common_uniform,False
RAND_2x3_02,random_rational,True,LP_MIN_KAPPA__reduced__reduced,5,1.9954618442383216,1.4621169890711712,0.5333448551671505,0.0,1.0,1.0,1.0,False,0.11081351160193972,6,1.8,2.0,1.6666666666666667,True,9.807500000000001,17.6,35.7,"[4, 1, 0, 2, 3]","[4, 1, 0, 2, 3]","[4, 1, 0, 2, 3]",2.975,1.625,1.0,linear_program,False
RAND_2x3_02,random_rational,True,RAND_2x3_02_V_004__reduced__reduced,5,2.260964047443681,1.4621169890711712,0.7988470583725098,0.2,1.2000000000000002,0.7369655941662059,0.8,False,0.11081351160193972,6,1.9500000000000002,3.0,1.6666666666666667,True,13.2825,23.9,48.3,"[3, 1, 2, 4, 0]","[3, 1, 2, 4, 0]","[3, 1, 2, 4, 0]",3.925,2.2750000000000004,1.0,random_lp_vertex,False
RAND_2x3_02,random_rational,True,RAND_2x3_02_V_017__reduced__reduced,5,2.165957320949175,1.4621169890711712,0.7038403318780038,0.65,1.6500000000000001,0.2775339755289088,0.35000000000000003,False,0.11081351160193972,6,1.9500000000000002,3.0,1.6666666666666667,True,11.905000000000001,21.225,42.95,"[3, 4, 2, 0, 1]","[3, 4, 2, 0, 1]","[3, 4, 2, 0, 1]",3.55,2.25,1.0,random_lp_vertex,False
RAND_2x3_03,random_rational,True,INDEPENDENT_ROWS__reduced__reduced,9,3.0717594699635202,1.5358797349817603,1.53587973498176,0.325,1.325,0.5940076403241632,0.675,False,0.03507410314250483,4,3.0,3.0,3.0,True,22.43,40.650000000000006,82.2,"[2, 0, 5, 3, 1, 4, 8, 6, 7]","[2, 0, 5, 3, 1, 4, 8, 6, 7]","[2, 0, 5, 3, 1, 4, 8, 6, 7]",6.4,4.1,1.0,independent_row_coupling,True
RAND_2x3_03,random_rational,True,COMMON_UNIFORM_000__reduced__reduced,5,2.201609497059027,1.5358797349817603,0.6657297620772669,0.7,1.7,0.23446525363702297,0.3000000000000001,False,0.03507410314250483,4,1.725,2.0,1.6666666666666667,True,15.200000000000001,27.200000000000003,54.9,"[2, 4, 3, 0, 1]","[2, 4, 3, 0, 1]","[2, 4, 3, 0, 1]",4.4,3.0,1.0,common_uniform,False
RAND_2x3_03,random_rational,True,COMMON_UNIFORM_001__reduced__reduced,5,2.063865121950854,1.5358797349817603,0.5279853869690938,0.4,1.4,0.5145731728297583,0.6,False,0.03507410314250483,4,1.725,2.0,1.6666666666666667,True,11.510000000000002,20.650000000000002,41.8,"[0, 1, 3, 4, 2]","[0, 1, 3, 4, 2]","[0, 1, 3, 4, 2]",3.4000000000000004,2.1000000000000005,1.0,common_uniform,False
RAND_2x3_03,random_rational,True,COMMON_UNIFORM_002__reduced__reduced,5,2.303701696057348,1.5358797349817603,0.7678219610755876,0.39999999999999997,1.4,0.5145731728297583,0.6000000000000001,False,0.03507410314250483,4,1.775,2.0,1.6666666666666667,True,15.06,27.049999999999997,54.60000000000001,"[4, 3, 0, 1, 2]","[4, 3, 0, 1, 2]","[4, 3, 0, 1, 2]",4.300000000000001,3.0,1.0,common_uniform,False
RAND_2x3_03,random_rational,True,COMMON_UNIFORM_003__reduced__reduced,5,2.303701696057348,1.5358797349817603,0.7678219610755876,0.0,1.0,1.0,1.0,False,0.03507410314250483,4,1.775,2.0,1.6666666666666667,True,12.53,22.650000000000002,45.8,"[3, 0, 1, 2, 4]","[3, 0, 1, 2, 4]","[3, 0, 1, 2, 4]",3.6000000000000005,2.3,1.0,common_uniform,False
RAND_2x3_03,random_rational,True,COMMON_UNIFORM_004__reduced__reduced,5,1.9464393446710155,1.5358797349817603,0.4105596096892552,0.10000000000000003,1.1,0.862496476250065,0.8999999999999999,False,0.03507410314250483,4,1.7,2.0,1.6666666666666667,True,10.78,19.5,39.5,"[2, 1, 3, 4, 0]","[1, 2, 3, 4, 0]","[1, 2, 3, 4, 0]",3.1,2.0,1.0,common_uniform,False
RAND_2x3_03,random_rational,True,COMMON_UNIFORM_005__reduced__reduced,5,2.0841837197791886,1.5358797349817603,0.5483039847974283,0.2,1.2,0.7369655941662062,0.8,False,0.03507410314250483,4,1.7,2.0,1.6666666666666667,True,12.23,21.9,44.3,"[3, 0, 1, 2, 4]","[3, 0, 1, 2, 4]","[3, 0, 1, 2, 4]",3.6000000000000005,2.3,1.0,common_uniform,False
RAND_2x3_03,random_rational,True,COMMON_UNIFORM_006__reduced__reduced,5,2.019035274338866,1.5358797349817603,0.48315553935710565,0.4,1.4,0.5145731728297583,0.6,False,0.03507410314250483,4,1.65,2.0,1.6666666666666667,True,9.620000000000001,17.35,35.2,"[0, 2, 3, 1, 4]","[0, 2, 3, 1, 4]","[0, 2, 3, 1, 4]",2.8000000000000003,1.8000000000000003,1.0,common_uniform,False
RAND_2x3_03,random_rational,True,COMMON_UNIFORM_007__reduced__reduced,5,2.15887184844536,1.5358797349817603,0.6229921134635998,0.8,1.8,0.15200309344504992,0.2,False,0.03507410314250483,4,1.8,3.0,1.6666666666666667,True,17.07,30.45,61.400000000000006,"[4, 3, 2, 1, 0]","[4, 3, 2, 1, 0]","[4, 3, 2, 1, 0]",5.0,3.3000000000000003,1.0,common_uniform,False
RAND_2x3_03,random_rational,True,COMMON_UNIFORM_008__reduced__reduced,5,2.1211274733371868,1.5358797349817603,0.5852477383554264,0.25000000000000006,1.25,0.6780719051126376,0.75,False,0.03507410314250483,4,1.6999999999999997,2.0,1.6666666666666667,True,11.209999999999999,20.1,40.7,"[0, 1, 2, 3, 4]","[0, 1, 2, 3, 4]","[0, 1, 2, 3, 4]",3.3000000000000007,2.1000000000000005,1.0,common_uniform,False
RAND_2x3_03,random_rational,True,COMMON_UNIFORM_009__reduced__reduced,4,1.9588718484453602,1.5358797349817603,0.4229921134635999,0.2,1.2,0.7369655941662062,0.8,False,0.03507410314250483,4,1.4249999999999998,2.0,1.3333333333333333,True,12.23,21.85,44.099999999999994,"[3, 1, 0, 2]","[3, 1, 0, 2]","[3, 1, 0, 2]",3.6000000000000005,2.3,1.0,common_uniform,False
RAND_2x3_03,random_rational,True,COMMON_UNIFORM_010__reduced__reduced,5,2.0414460711655216,1.5358797349817603,0.5055663361837612,0.3,1.3,0.6214883767462702,0.7,False,0.03507410314250483,4,1.7499999999999998,3.0,1.6666666666666667,True,8.74,15.7,31.900000000000002,"[3, 1, 2, 4, 0]","[3, 1, 2, 4, 0]","[3, 1, 2, 4, 0]",2.6,1.5999999999999999,1.0,common_uniform,False
RAND_2x3_03,random_rational,True,COMMON_UNIFORM_011__reduced__reduced,4,1.7393538721672006,1.5358797349817603,0.20347413718544027,0.0,1.0,1.0,1.0,False,0.03507410314250483,4,1.3499999999999999,2.0,1.3333333333333333,True,9.740000000000002,17.6,35.6,"[1, 2, 3, 0]","[1, 2, 3, 0]","[1, 2, 3, 0]",2.8000000000000003,1.8000000000000003,1.0,common_uniform,False
RAND_2x3_03,random_rational,True,RAND_2x3_03_V_008__reduced__reduced,5,2.1211274733371868,1.5358797349817603,0.5852477383554264,0.14999999999999997,1.15,0.7983661388303496,0.8500000000000001,False,0.03507410314250483,4,1.8250000000000002,3.0,1.6666666666666667,True,13.65,24.5,49.5,"[0, 1, 3, 2, 4]","[0, 1, 3, 2, 4]","[0, 1, 3, 2, 4]",4.0,2.5,1.0,random_lp_vertex,False
RAND_2x3_04,random_rational,True,INDEPENDENT_ROWS__reduced__reduced,9,2.881290899230693,1.4406454496153462,1.4406454496153467,0.355,1.355,0.5617071484208531,0.6449999999999999,False,0.05935455038465365,2,3.0,3.0,3.0,True,22.400000000000002,40.449999999999996,81.8,"[0, 2, 3, 5, 1, 6, 4, 8, 7]","[0, 2, 3, 5, 1, 6, 4, 8, 7]","[0, 2, 3, 5, 1, 6, 4, 8, 7]",6.5,4.0,0.5,independent_row_coupling,True
RAND_2x3_04,random_rational,True,COMMON_UNIFORM_000__reduced__reduced,4,1.7854752972273342,1.4406454496153462,0.344829847611988,0.8,1.8,0.15200309344504992,0.19999999999999996,False,0.05935455038465365,2,1.3499999999999999,2.0,1.3333333333333333,True,11.3,19.95,40.3,"[3, 2, 0, 1]","[3, 2, 0, 1]","[3, 2, 0, 1]",3.5,2.0,0.5,common_uniform,False
RAND_2x3_04,random_rational,True,COMMON_UNIFORM_001__reduced__reduced,3,1.4406454496153462,1.4406454496153462,0.0,0.5,1.5,0.4150374992788438,0.5,False,0.05935455038465365,2,1.0,1.0,1.0,True,8.35,14.899999999999999,30.1,"[0, 1, 2]","[0, 1, 2]","[0, 1, 2]",2.5,1.5,0.5,common_uniform,False
RAND_2x3_04,random_rational,True,COMMON_UNIFORM_002__reduced__reduced,5,2.2261207468426805,1.4406454496153462,0.7854752972273342,0.5,1.5,0.4150374992788438,0.5,False,0.05935455038465365,2,1.8499999999999996,2.0,1.6666666666666667,True,14.625,26.25,53.0,"[0, 2, 3, 1, 4]","[0, 2, 3, 1, 4]","[0, 2, 3, 1, 4]",4.25,2.75,0.5,common_uniform,False
RAND_2x3_04,random_rational,True,COMMON_UNIFORM_003__reduced__reduced,4,1.8812908992306925,1.4406454496153462,0.44064544961534624,0.0,1.0,1.0,1.0,False,0.05935455038465365,2,1.5,2.0,1.3333333333333333,True,11.35,20.7,41.800000000000004,"[1, 2, 3, 0]","[1, 2, 3, 0]","[1, 2, 3, 0]",3.0,2.5,0.5,common_uniform,False
RAND_2x3_04,random_rational,True,COMMON_UNIFORM_004__reduced__reduced,4,1.8812908992306925,1.4406454496153462,0.44064544961534624,0.15000000000000002,1.15,0.7983661388303496,0.85,False,0.05935455038465365,2,1.5,2.0,1.3333333333333333,True,11.35,20.7,41.800000000000004,"[1, 2, 0, 3]","[1, 2, 0, 3]","[1, 2, 0, 3]",3.0,2.5,0.5,common_uniform,False
RAND_2x3_04,random_rational,True,COMMON_UNIFORM_008__reduced__reduced,4,1.8812908992306925,1.4406454496153462,0.44064544961534624,0.35,1.3499999999999999,0.567040592723894,0.65,False,0.05935455038465365,2,1.5,2.0,1.3333333333333333,True,11.25,20.45,41.300000000000004,"[0, 2, 3, 1]","[0, 2, 3, 1]","[0, 2, 3, 1]",3.0,2.5,0.5,common_uniform,False
RAND_2x3_04,random_rational,True,COMMON_UNIFORM_010__reduced__reduced,5,2.2261207468426805,1.4406454496153462,0.7854752972273342,0.30000000000000004,1.3,0.6214883767462702,0.7,False,0.05935455038465365,2,1.9249999999999998,3.0,1.6666666666666667,True,15.0,27.0,54.5,"[0, 2, 1, 4, 3]","[0, 2, 1, 4, 3]","[0, 2, 1, 4, 3]",4.25,3.0,0.5,common_uniform,False
RAND_2x3_04,random_rational,True,RAND_2x3_04_V_004__reduced__reduced,5,2.2709505944546686,1.4406454496153462,0.8303051448393224,0.6000000000000001,1.6,0.3219280948873623,0.3999999999999999,False,0.05935455038465365,2,1.8499999999999996,2.0,1.6666666666666667,True,15.399999999999999,27.5,55.5,"[4, 1, 0, 2, 3]","[4, 1, 0, 2, 3]","[4, 1, 0, 2, 3]",4.5,3.0,0.5,random_lp_vertex,False
RAND_2x3_04,random_rational,True,RAND_2x3_04_V_006__reduced__reduced,5,2.2261207468426805,1.4406454496153462,0.7854752972273342,0.30000000000000004,1.3,0.6214883767462702,0.7,False,0.05935455038465365,2,1.9249999999999998,3.0,1.6666666666666667,True,15.0,27.0,54.5,"[0, 3, 2, 1, 4]","[0, 3, 2, 1, 4]","[0, 3, 2, 1, 4]",4.25,3.0,0.5,random_lp_vertex,False
RAND_2x3_04,random_rational,True,RAND_2x3_04_V_007__reduced__reduced,5,2.2261207468426805,1.4406454496153462,0.7854752972273342,0.5,1.5,0.4150374992788438,0.5,False,0.05935455038465365,2,1.8499999999999996,2.0,1.6666666666666667,True,14.724999999999998,26.5,53.5,"[3, 1, 0, 4, 2]","[0, 1, 3, 4, 2]","[0, 1, 3, 4, 2]",4.25,2.75,0.5,random_lp_vertex,False
RAND_2x3_05,random_rational,True,INDEPENDENT_ROWS__reduced__reduced,9,3.1032189941180546,1.5516094970590273,1.5516094970590273,0.33999999999999997,1.3399999999999999,0.5777669993169524,0.6599999999999999,False,0.009668754967267684,3,3.0,3.0,3.0,True,27.425000000000004,49.2625,99.425,"[7, 4, 8, 2, 0, 5, 1, 3, 6]","[7, 4, 8, 2, 0, 5, 1, 3, 6]","[7, 4, 8, 2, 0, 5, 1, 3, 6]",8.0,5.0,1.0,independent_row_coupling,True
RAND_2x3_05,random_rational,True,COMMON_UNIFORM_000__reduced__reduced,5,2.063865121950854,1.5516094970590273,0.5122556248918269,0.8499999999999999,1.8499999999999999,0.11247472925841262,0.15000000000000013,False,0.009668754967267684,3,1.7249999999999999,2.0,1.6666666666666667,True,15.075000000000003,26.9375,54.375,"[4, 3, 2, 0, 1]","[4, 3, 2, 0, 1]","[4, 3, 2, 0, 1]",4.375,3.0,1.0,common_uniform,False
RAND_2x3_05,random_rational,True,COMMON_UNIFORM_001__reduced__reduced,5,2.1211274733371868,1.5516094970590273,0.5695179762781595,0.5,1.5,0.4150374992788438,0.5,False,0.009668754967267684,3,1.7249999999999999,2.0,1.6666666666666667,True,14.900000000000002,26.6875,53.875,"[2, 3, 1, 0, 4]","[2, 3, 1, 0, 4]","[2, 3, 1, 0, 4]",4.375,2.75,1.0,common_uniform,False
RAND_2x3_05,random_rational,True,COMMON_UNIFORM_002__reduced__reduced,5,2.063865121950854,1.5516094970590273,0.5122556248918269,0.25,1.25,0.6780719051126376,0.75,False,0.009668754967267684,3,1.725,2.0,1.6666666666666667,True,15.825,28.3125,57.125,"[4, 3, 0, 1, 2]","[4, 0, 1, 3, 2]","[4, 0, 1, 3, 2]",4.625,3.0,1.0,common_uniform,False
RAND_2x3_05,random_rational,True,COMMON_UNIFORM_003__reduced__reduced,5,2.1211274733371868,1.5516094970590273,0.5695179762781595,0.0,1.0,1.0,1.0,False,0.009668754967267684,3,1.725,2.0,1.6666666666666667,True,13.6125,24.5,49.5,"[1, 0, 3, 2, 4]","[1, 0, 3, 2, 4]","[1, 0, 3, 2, 4]",4.0,2.375,1.0,common_uniform,False
RAND_2x3_05,random_rational,True,COMMON_UNIFORM_004__reduced__reduced,5,2.228212945841001,1.5516094970590273,0.6766034487819739,0.25000000000000006,1.25,0.6780719051126376,0.75,False,0.009668754967267684,3,1.75,2.0,1.6666666666666667,True,15.012500000000001,26.875,54.25,"[0, 2, 3, 1, 4]","[0, 2, 3, 1, 4]","[0, 2, 3, 1, 4]",4.375,2.875,1.0,common_uniform,False
RAND_2x3_05,random_rational,True,COMMON_UNIFORM_005__reduced__reduced,5,2.2282129458410016,1.5516094970590273,0.6766034487819743,0.25,1.25,0.6780719051126376,0.75,False,0.009668754967267684,3,1.75,2.0,1.6666666666666667,True,13.575000000000001,24.3125,49.125,"[3, 0, 1, 2, 4]","[3, 0, 1, 2, 4]","[3, 0, 1, 2, 4]",4.0,2.5,1.0,common_uniform,False
RAND_2x3_05,random_rational,True,COMMON_UNIFORM_006__reduced__reduced,5,2.063865121950854,1.5516094970590273,0.5122556248918269,0.44999999999999996,1.45,0.4639470997597903,0.55,False,0.009668754967267684,3,1.7499999999999998,3.0,1.6666666666666667,True,13.0,23.375,47.25,"[2, 3, 0, 1, 4]","[2, 3, 0, 1, 4]","[2, 3, 0, 1, 4]",3.75,2.5,1.0,common_uniform,False
RAND_2x3_05,random_rational,True,COMMON_UNIFORM_007__reduced__reduced,5,1.9567796494470395,1.5516094970590273,0.40517015238801224,0.8999999999999999,1.9,0.07400058144377697,0.10000000000000009,False,0.009668754967267684,3,1.7,3.0,1.6666666666666667,True,16.975,30.25,61.0,"[4, 1, 0, 3, 2]","[4, 1, 0, 3, 2]","[4, 1, 0, 3, 2]",5.0,3.25,1.0,common_uniform,False
RAND_2x3_05,random_rational,True,COMMON_UNIFORM_008__reduced__reduced,5,2.063865121950854,1.5516094970590273,0.5122556248918269,0.050000000000000044,1.05,0.929610672108602,0.95,False,0.009668754967267684,3,1.7499999999999998,3.0,1.6666666666666667,True,13.575,24.3125,49.125,"[0, 1, 3, 2, 4]","[0, 1, 3, 2, 4]","[0, 1, 3, 2, 4]",4.0,2.5,1.0,common_uniform,False
RAND_2x3_05,random_rational,True,COMMON_UNIFORM_009__reduced__reduced,5,1.9567796494470395,1.5516094970590273,0.40517015238801224,0.19999999999999996,1.2,0.7369655941662062,0.8,False,0.009668754967267684,3,1.7,3.0,1.6666666666666667,True,15.6625,28.0,56.5,"[4, 1, 2, 3, 0]","[4, 1, 0, 3, 2]","[4, 1, 0, 3, 2]",4.625,2.875,1.0,common_uniform,False
RAND_2x3_05,random_rational,True,COMMON_UNIFORM_010__reduced__reduced,5,2.063865121950854,1.5516094970590273,0.5122556248918269,0.45,1.45,0.4639470997597903,0.55,False,0.009668754967267684,3,1.7499999999999998,3.0,1.6666666666666667,True,13.0,23.375,47.25,"[0, 1, 3, 2, 4]","[0, 1, 3, 2, 4]","[0, 1, 3, 2, 4]",3.75,2.5,1.0,common_uniform,False
RAND_2x3_05,random_rational,True,COMMON_UNIFORM_011__reduced__reduced,5,2.0638651219508546,1.5516094970590273,0.5122556248918273,0.050000000000000044,1.05,0.929610672108602,0.95,False,0.009668754967267684,3,1.7499999999999998,3.0,1.6666666666666667,True,13.575,24.3125,49.125,"[3, 2, 1, 0, 4]","[3, 2, 1, 0, 4]","[3, 2, 1, 0, 4]",4.0,2.5,1.0,common_uniform,False
RAND_2x3_05,random_rational,True,LP_MIN_KAPPA__reduced__reduced,5,2.1211274733371868,1.5516094970590273,0.5695179762781595,0.0,1.0,1.0,1.0,False,0.009668754967267684,3,1.7249999999999999,2.0,1.6666666666666667,True,13.6125,24.5,49.5,"[1, 2, 3, 0, 4]","[1, 2, 3, 0, 4]","[1, 2, 3, 0, 4]",4.0,2.375,1.0,linear_program,False
RAND_2x3_05,random_rational,True,RAND_2x3_05_V_005__reduced__reduced,5,2.228212945841001,1.5516094970590273,0.6766034487819739,0.25000000000000006,1.25,0.6780719051126376,0.75,False,0.009668754967267684,3,1.75,2.0,1.6666666666666667,True,13.575000000000001,24.3125,49.125,"[0, 2, 3, 1, 4]","[0, 2, 3, 1, 4]","[0, 2, 3, 1, 4]",4.0,2.5,1.0,random_lp_vertex,False
RAND_2x3_05,random_rational,True,RAND_2x3_05_V_012__reduced__reduced,5,2.228212945841001,1.5516094970590273,0.6766034487819739,0.2499999999999999,1.25,0.6780719051126376,0.7500000000000002,False,0.009668754967267684,3,1.75,2.0,1.6666666666666667,True,15.012500000000001,26.875,54.25,"[0, 2, 1, 3, 4]","[0, 2, 1, 3, 4]","[0, 2, 1, 3, 4]",4.375,2.875,1.0,random_lp_vertex,False
RAND_2x3_05,random_rational,True,RAND_2x3_05_V_014__reduced__reduced,5,2.0638651219508546,1.5516094970590273,0.5122556248918273,0.8499999999999999,1.85,0.11247472925841251,0.15000000000000013,False,0.009668754967267684,3,1.725,2.0,1.6666666666666667,True,15.075000000000003,26.9375,54.375,"[4, 1, 0, 3, 2]","[4, 1, 0, 3, 2]","[4, 1, 0, 3, 2]",4.375,3.0,1.0,random_lp_vertex,False
RAND_2x3_05,random_rational,True,RAND_2x3_05_V_019__reduced__reduced,5,2.0638651219508546,1.5516094970590273,0.5122556248918273,0.25000000000000006,1.25,0.6780719051126376,0.75,False,0.009668754967267684,3,1.7249999999999999,2.0,1.6666666666666667,True,15.825,28.3125,57.125,"[4, 1, 2, 3, 0]","[4, 1, 2, 3, 0]","[4, 1, 2, 3, 0]",4.625,3.0,1.0,random_lp_vertex,False
RAND_3x3_00,random_rational,True,INDEPENDENT_ROWS__reduced__reduced,27,4.716154961436361,1.5720516538121199,3.144103307624241,0.6228994815626783,1.6696296296296298,0.845434392487128,0.22074074074074077,False,0.006341135370525195,3,9.0,9.0,9.0,True,102.47555555555556,189.65,382.0,"[9, 10, 11, 0, 1, 2, 12, 13, 14, 3, 4, 5, 15, 16, 17, 18, 19, 20, 6, 7, 8, 21, 22, 23, 24, 25, 26]","[9, 10, 11, 0, 1, 2, 12, 13, 14, 3, 4, 5, 15, 16, 17, 18, 19, 20, 6, 7, 8, 21, 22, 23, 24, 25, 26]","[9, 10, 11, 0, 1, 2, 12, 13, 14, 3, 4, 5, 15, 16, 17, 18, 19, 20, 6, 7, 8, 21, 22, 23, 24, 25, 26]",24.711111111111112,24.622222222222224,1.0,independent_row_coupling,True
RAND_3x3_00,random_rational,True,COMMON_UNIFORM_000__reduced__reduced,5,2.0662478973127305,1.5720516538121199,0.49419624350061064,1.4625230561805578,2.8222222222222224,0.08813091027866493,0.0,False,0.006341135370525195,3,1.7333333333333334,3.0,1.6666666666666667,True,20.044444444444444,36.56111111111111,73.62222222222223,"[4, 2, 3, 0, 1]","[4, 2, 3, 0, 1]","[4, 2, 3, 0, 1]",5.0,5.066666666666667,1.0,common_uniform,False
RAND_3x3_00,random_rational,True,COMMON_UNIFORM_001__reduced__reduced,5,2.0662478973127305,1.5720516538121199,0.49419624350061064,0.9895405558440168,2.155555555555554,0.47690275486370415,0.06666666666666704,False,0.006341135370525195,3,1.7333333333333334,3.0,1.6666666666666667,True,18.666666666666668,34.12777777777778,68.75555555555556,"[2, 3, 0, 1, 4]","[2, 3, 0, 1, 4]","[2, 3, 0, 1, 4]",4.711111111111111,4.488888888888889,1.0,common_uniform,False
RAND_3x3_00,random_rational,True,COMMON_UNIFORM_002__reduced__reduced,5,2.0662478973127305,1.5720516538121199,0.49419624350061064,0.9115455557478642,2.022222222222223,0.569020956852134,0.0,False,0.006341135370525195,3,1.7333333333333334,3.0,1.6666666666666667,True,20.186666666666667,36.91666666666667,74.33333333333334,"[4, 3, 0, 1, 2]","[4, 3, 0, 1, 2]","[4, 3, 0, 1, 2]",5.0,5.066666666666667,1.0,common_uniform,False
RAND_3x3_00,random_rational,True,COMMON_UNIFORM_003__reduced__reduced,5,2.0662478973127305,1.5720516538121199,0.49419624350061064,0.622222222222222,1.622222222222222,0.8869910381708137,0.06666666666666704,False,0.006341135370525195,3,1.7333333333333334,3.0,1.6666666666666667,True,18.764444444444443,34.37222222222222,69.24444444444444,"[0, 2, 1, 3, 4]","[0, 2, 1, 3, 4]","[0, 2, 1, 3, 4]",4.711111111111111,4.488888888888889,1.0,common_uniform,False
RAND_3x3_00,random_rational,True,COMMON_UNIFORM_004__reduced__reduced,5,2.0662478973127305,1.5720516538121199,0.49419624350061064,0.7278863889369653,1.7555555555555546,0.7730348488737286,0.0,False,0.006341135370525195,3,1.7333333333333334,3.0,1.6666666666666667,True,18.633333333333336,33.99444444444445,68.4888888888889,"[3, 1, 2, 0, 4]","[3, 1, 2, 0, 4]","[3, 1, 2, 0, 4]",4.711111111111111,4.555555555555555,1.0,common_uniform,False
RAND_3x3_00,random_rational,True,COMMON_UNIFORM_005__reduced__reduced,5,2.0662478973127305,1.5720516538121199,0.49419624350061064,0.9115455557478641,2.0222222222222226,0.5690209568521343,0.0,False,0.006341135370525195,3,1.7333333333333334,3.0,1.6666666666666667,True,18.562222222222225,33.81666666666667,68.13333333333334,"[3, 2, 1, 0, 4]","[3, 2, 1, 0, 4]","[3, 2, 1, 0, 4]",4.711111111111111,4.555555555555555,1.0,common_uniform,False
RAND_3x3_00,random_rational,True,COMMON_UNIFORM_006__reduced__reduced,5,2.0662478973127305,1.5720516538121199,0.49419624350061064,0.9727652780181628,2.1111111111111107,0.5069599887198832,0.0,False,0.006341135370525195,3,1.7333333333333334,3.0,1.6666666666666667,True,20.186666666666667,36.91666666666667,74.33333333333334,"[2, 3, 4, 0, 1]","[2, 3, 4, 0, 1]","[2, 3, 4, 0, 1]",5.0,5.066666666666667,1.0,common_uniform,False
RAND_3x3_00,random_rational,True,COMMON_UNIFORM_007__reduced__reduced,5,2.0662478973127305,1.5720516538121199,0.49419624350061064,0.9895405558440168,2.155555555555554,0.47690275486370415,0.06666666666666704,False,0.006341135370525195,3,1.7333333333333334,3.0,1.6666666666666667,True,18.293333333333333,33.42777777777778,67.35555555555555,"[2, 3, 0, 1, 4]","[2, 3, 0, 1, 4]","[2, 3, 0, 1, 4]",4.644444444444445,4.355555555555556,1.0,common_uniform,False
RAND_3x3_00,random_rational,True,COMMON_UNIFORM_008__reduced__reduced,5,2.0662478973127305,1.5720516538121199,0.49419624350061064,0.4888888888888887,1.4888888888888887,1.0107264065930586,0.26666666666666694,False,0.006341135370525195,3,1.7333333333333334,3.0,1.6666666666666667,True,20.32888888888889,37.272222222222226,75.04444444444445,"[2, 4, 0, 1, 3]","[2, 4, 0, 1, 3]","[2, 4, 0, 1, 3]",5.0,5.066666666666667,1.0,common_uniform,False
RAND_3x3_00,random_rational,True,COMMON_UNIFORM_009__reduced__reduced,5,2.0662478973127305,1.5720516538121199,0.49419624350061064,0.4444444444444439,1.444444444444444,1.0544477840223767,0.3333333333333341,False,0.006341135370525195,3,1.7333333333333334,3.0,1.6666666666666667,True,20.38222222222222,37.40555555555556,75.3111111111111,"[0, 2, 1, 3, 4]","[0, 2, 1, 3, 4]","[0, 2, 1, 3, 4]",5.0,5.066666666666667,1.0,common_uniform,False
RAND_3x3_00,random_rational,True,COMMON_UNIFORM_010__reduced__reduced,5,2.0662478973127305,1.5720516538121199,0.49419624350061064,0.5501086111591874,1.5777777777777768,0.9270684775461496,0.26666666666666694,False,0.006341135370525195,3,1.7333333333333334,3.0,1.6666666666666667,True,18.433333333333337,33.72777777777778,67.95555555555556,"[2, 1, 0, 3, 4]","[2, 1, 0, 3, 4]","[2, 1, 0, 3, 4]",4.644444444444445,4.4222222222222225,1.0,common_uniform,False
RAND_3x3_00,random_rational,True,COMMON_UNIFORM_011__reduced__reduced,5,2.0662478973127305,1.5720516538121199,0.49419624350061064,0.4888888888888886,1.4888888888888887,1.0107264065930586,0.26666666666666705,False,0.006341135370525195,3,1.7333333333333334,3.0,1.6666666666666667,True,20.495555555555555,37.63888888888889,75.77777777777779,"[2, 1, 3, 4, 0]","[2, 1, 3, 4, 0]","[2, 1, 3, 4, 0]",5.0,5.133333333333333,1.0,common_uniform,False
RAND_3x3_00,random_rational,True,LP_MIN_KAPPA__reduced__reduced,5,2.066247897312731,1.5720516538121199,0.4941962435006111,0.08888888888888886,1.0888888888888888,1.4621057529356227,0.8666666666666667,False,0.006341135370525195,3,1.7111111111111108,2.0,1.6666666666666667,True,20.495555555555555,37.63888888888889,75.77777777777779,"[3, 0, 4, 1, 2]","[3, 0, 4, 1, 2]","[3, 0, 4, 1, 2]",5.0,5.133333333333333,1.0,linear_program,False
RAND_3x3_00,random_rational,True,LP_MAX_INJECTIVE__reduced__reduced,7,2.277865082165957,1.5720516538121199,0.7058134283538371,0.11949875002403851,1.1333333333333333,1.4043902550793352,0.8666666666666667,False,0.006341135370525195,3,2.3777777777777778,3.0,2.3333333333333335,True,23.06666666666667,42.39444444444445,85.4888888888889,"[4, 0, 6, 3, 2, 5, 1]","[4, 0, 6, 3, 2, 5, 1]","[4, 0, 6, 3, 2, 5, 1]",5.644444444444445,5.777777777777779,1.0,linear_program,False
RAND_3x3_00,random_rational,True,RAND_3x3_00_V_000__reduced__reduced,5,2.066247897312731,1.5720516538121199,0.4941962435006111,0.44444444444444436,1.4444444444444444,1.0544477840223763,0.33333333333333337,False,0.006341135370525195,3,1.7111111111111108,2.0,1.6666666666666667,True,18.433333333333334,33.72777777777778,67.95555555555556,"[0, 3, 4, 2, 1]","[0, 3, 4, 2, 1]","[0, 3, 4, 2, 1]",4.644444444444445,4.4222222222222225,1.0,random_lp_vertex,False
RAND_3x3_00,random_rational,True,RAND_3x3_00_V_005__reduced__reduced,6,2.3655962303576024,1.5720516538121199,0.7935445765454825,0.80588138903312,1.8888888888888888,0.667424660913129,0.06666666666666671,False,0.006341135370525195,3,2.022222222222222,3.0,2.0,True,24.17333333333334,44.233333333333334,89.06666666666666,"[5, 2, 0, 3, 1, 4]","[5, 2, 0, 3, 1, 4]","[5, 2, 0, 3, 1, 4]",6.0,6.0,1.0,random_lp_vertex,False
RAND_3x3_00,random_rational,True,RAND_3x3_00_V_006__reduced__reduced,7,2.689246428509158,1.5720516538121199,1.1171947746970383,0.5056641667147437,1.5333333333333334,0.9682911402726616,0.33333333333333337,False,0.006341135370525195,3,2.3555555555555556,3.0,2.3333333333333335,True,27.022222222222226,49.61666666666667,99.93333333333335,"[0, 5, 2, 3, 1, 4, 6]","[0, 5, 2, 3, 1, 4, 6]","[0, 5, 2, 3, 1, 4, 6]",6.711111111111111,6.48888888888889,1.0,random_lp_vertex,False
RAND_3x3_00,random_rational,True,RAND_3x3_00_V_007__reduced__reduced,7,2.7072178995404985,1.5720516538121199,1.1351662457283787,0.7140518056276711,1.7555555555555558,0.7730348488737276,0.06666666666666672,False,0.006341135370525195,3,2.3333333333333335,3.0,2.3333333333333335,True,26.211111111111116,47.87222222222223,96.44444444444446,"[6, 2, 4, 1, 3, 5, 0]","[6, 2, 4, 1, 3, 5, 0]","[6, 2, 4, 1, 3, 5, 0]",6.644444444444444,6.28888888888889,1.0,random_lp_vertex,False
RAND_3x3_00,random_rational,True,RAND_3x3_00_V_008__reduced__reduced,5,2.1492553971684996,1.5720516538121199,0.5772037433563797,0.4888888888888889,1.488888888888889,1.0107264065930583,0.26666666666666666,False,0.006341135370525195,3,1.688888888888889,2.0,1.6666666666666667,True,20.28666666666667,37.21666666666667,74.93333333333334,"[0, 1, 3, 2, 4]","[0, 1, 3, 2, 4]","[0, 1, 3, 2, 4]",5.0,5.0,1.0,random_lp_vertex,False
RAND_3x3_00,random_rational,True,RAND_3x3_00_V_009__reduced__reduced,5,2.066247897312731,1.5720516538121199,0.4941962435006111,0.9115455557478638,2.0222222222222226,0.5690209568521343,0.0,False,0.006341135370525195,3,1.7333333333333334,3.0,1.6666666666666667,True,18.562222222222225,33.81666666666667,68.13333333333334,"[0, 1, 2, 3, 4]","[0, 1, 2, 3, 4]","[0, 1, 2, 3, 4]",4.711111111111111,4.555555555555555,1.0,random_lp_vertex,False
RAND_3x3_00,random_rational,True,RAND_3x3_00_V_010__reduced__reduced,7,2.6540969647593884,1.5720516538121199,1.0820453109472685,0.6666666666666666,1.6666666666666667,0.8479969065549499,0.0,False,0.006341135370525195,3,2.4222222222222225,4.0,2.3333333333333335,True,26.75111111111111,49.172222222222224,99.04444444444445,"[0, 6, 4, 2, 3, 5, 1]","[0, 6, 4, 2, 3, 5, 1]","[0, 6, 4, 2, 3, 5, 1]",6.644444444444444,6.355555555555555,1.0,random_lp_vertex,False
RAND_3x3_00,random_rational,True,RAND_3x3_00_V_011__reduced__reduced,4,1.8256051990169437,1.5720516538121199,0.25355354520482387,0.4444444444444444,1.4444444444444444,1.0544477840223763,0.33333333333333337,False,0.006341135370525195,3,1.3777777777777778,2.0,1.3333333333333333,True,14.406666666666668,26.41111111111111,53.22222222222222,"[1, 3, 2, 0]","[1, 3, 2, 0]","[1, 3, 2, 0]",3.644444444444445,3.3555555555555556,1.0,random_lp_vertex,False
RAND_3x3_00,random_rational,True,RAND_3x3_00_V_012__reduced__reduced,7,2.626144449356178,1.5720516538121199,1.0540927955440582,0.7589306947088683,1.9111111111111112,0.6505508423487327,0.36666666666666664,False,0.006341135370525195,3,2.3555555555555556,3.0,2.3333333333333335,True,26.544444444444444,48.91666666666667,98.53333333333335,"[0, 2, 1, 4, 5, 6, 3]","[0, 2, 1, 4, 5, 6, 3]","[0, 2, 1, 4, 5, 6, 3]",6.355555555555555,6.777777777777779,1.0,random_lp_vertex,False
RAND_3x3_00,random_rational,True,RAND_3x3_00_V_013__reduced__reduced,6,2.2825887305018333,1.5720516538121199,0.7105370766897134,0.6222222222222222,1.6222222222222222,0.8869910381708136,0.06666666666666665,False,0.006341135370525195,3,2.022222222222222,3.0,2.0,True,22.37777777777778,40.98888888888889,82.57777777777778,"[3, 2, 0, 4, 5, 1]","[3, 2, 0, 4, 5, 1]","[3, 2, 0, 4, 5, 1]",5.644444444444445,5.288888888888889,1.0,random_lp_vertex,False
RAND_3x3_00,random_rational,True,RAND_3x3_00_V_014__reduced__reduced,5,2.041946032206046,1.5720516538121199,0.4698943783939262,0.6222222222222221,1.6222222222222222,0.8869910381708136,0.06666666666666671,False,0.006341135370525195,3,1.6666666666666667,3.0,1.6666666666666667,True,18.682222222222222,34.21666666666667,68.93333333333334,"[0, 2, 1, 3, 4]","[0, 2, 1, 3, 4]","[0, 2, 1, 3, 4]",4.711111111111111,4.4222222222222225,1.0,random_lp_vertex,False
RAND_3x3_00,random_rational,True,RAND_3x3_00_V_015__reduced__reduced,5,2.0662478973127314,1.5720516538121199,0.49419624350061153,0.8671011113034194,1.9777777777777779,0.601082166084433,0.06666666666666671,False,0.006341135370525195,3,1.7111111111111108,2.0,1.6666666666666667,True,18.26666666666667,33.361111111111114,67.22222222222223,"[4, 1, 2, 3, 0]","[4, 1, 2, 3, 0]","[4, 1, 2, 3, 0]",4.644444444444445,4.355555555555556,1.0,random_lp_vertex,False
RAND_3x3_00,random_rational,True,RAND_3x3_00_V_016__reduced__reduced,6,2.3068905956085186,1.5720516538121199,0.7348389417963987,0.44444444444444436,1.4444444444444444,1.0544477840223763,0.33333333333333337,False,0.006341135370525195,3,2.088888888888889,3.0,2.0,True,22.64888888888889,41.56666666666666,83.73333333333333,"[2, 5, 3, 0, 4, 1]","[2, 5, 3, 0, 4, 1]","[2, 5, 3, 0, 4, 1]",5.644444444444445,5.4222222222222225,1.0,random_lp_vertex,False
RAND_3x3_00,random_rational,True,RAND_3x3_00_V_017__reduced__reduced,4,1.8256051990169437,1.5720516538121199,0.25355354520482387,0.8671011113034194,1.9777777777777779,0.601082166084433,0.06666666666666671,False,0.006341135370525195,3,1.3777777777777778,2.0,1.3333333333333333,True,14.124444444444444,25.755555555555553,51.91111111111111,"[3, 2, 1, 0]","[3, 2, 1, 0]","[3, 2, 1, 0]",3.644444444444445,3.2888888888888888,1.0,random_lp_vertex,False
RAND_3x3_00,random_rational,True,RAND_3x3_00_V_018__reduced__reduced,7,2.575279365539379,1.5720516538121199,1.003227711727259,0.438997500048077,1.4666666666666668,1.0324214776923772,0.43333333333333335,False,0.006341135370525195,3,2.333333333333333,4.0,2.3333333333333335,True,26.633333333333336,48.827777777777776,98.35555555555558,"[0, 1, 3, 6, 4, 5, 2]","[0, 1, 3, 6, 4, 5, 2]","[0, 1, 3, 6, 4, 5, 2]",6.644444444444444,6.4222222222222225,1.0,random_lp_vertex,False
RAND_3x3_00,random_rational,True,RAND_3x3_00_V_019__reduced__reduced,7,2.573557262275185,1.5720516538121199,1.0015056084630654,0.39999999999999997,1.4000000000000001,1.099535673550914,0.4,False,0.006341135370525195,3,2.288888888888889,3.0,2.3333333333333335,True,26.440000000000005,48.49444444444444,97.68888888888891,"[6, 0, 3, 1, 4, 2, 5]","[6, 0, 3, 1, 4, 2, 5]","[6, 0, 3, 1, 4, 2, 5]",6.644444444444444,6.222222222222223,1.0,random_lp_vertex,False
RAND_3x3_01,random_rational,True,INDEPENDENT_ROWS__reduced__reduced,27,4.267975124037499,1.4226583746791661,2.845316749358333,0.6635549000980773,1.7200000000000002,0.8025539357937826,0.19200000000000003,False,0.06419715268565607,6,9.0,9.0,9.0,True,60.20888888888889,112.69444444444443,228.08888888888887,"[8, 26, 2, 5, 6, 20, 23, 24, 0, 3, 17, 7, 18, 21, 11, 14, 25, 1, 4, 15, 19, 22, 9, 12, 16, 10, 13]","[8, 26, 2, 5, 6, 20, 23, 24, 0, 3, 17, 7, 18, 21, 11, 14, 25, 1, 4, 15, 19, 22, 9, 12, 16, 10, 13]","[8, 26, 2, 5, 6, 20, 23, 24, 0, 3, 17, 7, 18, 21, 11, 14, 25, 1, 4, 15, 19, 22, 9, 12, 16, 10, 13]",13.755555555555556,15.555555555555555,1.0,independent_row_coupling,True
RAND_3x3_01,random_rational,True,COMMON_UNIFORM_000__reduced__reduced,5,2.1995812306460643,1.4226583746791661,0.7769228559668981,1.1287552782104717,2.377777777777778,0.33534861064968347,0.13333333333333297,False,0.06419715268565607,6,1.9999999999999996,3.0,1.6666666666666667,True,19.87111111111111,36.67222222222222,73.84444444444443,"[1, 0, 2, 4, 3]","[0, 1, 2, 4, 3]","[0, 1, 2, 4, 3]",4.644444444444444,5.288888888888889,1.0,common_uniform,False
RAND_3x3_01,random_rational,True,COMMON_UNIFORM_001__reduced__reduced,5,2.256564762130954,1.4226583746791661,0.8339063874517878,0.9174269447809847,2.111111111111112,0.5069599887198823,0.266666666666666,False,0.06419715268565607,6,2.0,3.0,1.6666666666666667,True,17.755555555555556,32.71666666666667,65.93333333333332,"[4, 2, 1, 0, 3]","[4, 2, 1, 0, 3]","[4, 2, 1, 0, 3]",4.177777777777778,4.7555555555555555,1.0,common_uniform,False
RAND_3x3_01,random_rational,True,COMMON_UNIFORM_002__reduced__reduced,6,2.4662478973127313,1.4226583746791661,1.0435895226335652,1.0063158336698734,2.2000000000000006,0.4474589769712207,0.13333333333333297,False,0.06419715268565607,6,2.3555555555555556,4.0,2.0,True,22.235555555555557,40.633333333333326,81.86666666666667,"[1, 2, 4, 3, 5, 0]","[1, 2, 4, 3, 5, 0]","[1, 2, 4, 3, 5, 0]",5.644444444444444,5.288888888888889,1.0,common_uniform,False
RAND_3x3_01,random_rational,True,COMMON_UNIFORM_003__reduced__reduced,6,2.440223928941851,1.4226583746791661,1.017565554262685,0.550108611159188,1.5777777777777773,0.9270684775461492,0.266666666666666,False,0.06419715268565607,6,2.4666666666666663,4.0,2.0,True,18.564444444444444,34.24444444444444,69.08888888888889,"[0, 3, 1, 2, 4, 5]","[0, 3, 1, 2, 4, 5]","[0, 3, 1, 2, 4, 5]",4.533333333333333,4.533333333333333,1.0,common_uniform,False
RAND_3x3_01,random_rational,True,COMMON_UNIFORM_004__reduced__reduced,6,2.389898095464288,1.4226583746791661,0.967239720785122,0.44444444444444464,1.4444444444444449,1.0544477840223758,0.333333333333333,False,0.06419715268565607,6,2.288888888888889,4.0,2.0,True,12.79111111111111,23.62222222222222,47.84444444444445,"[1, 0, 3, 4, 5, 2]","[1, 0, 3, 4, 5, 2]","[0, 1, 4, 5, 2, 3]",3.2444444444444445,2.888888888888889,1.0,common_uniform,False
RAND_3x3_01,random_rational,True,COMMON_UNIFORM_005__reduced__reduced,6,2.306890595608518,1.4226583746791661,0.884232220929352,0.4888888888888893,1.4888888888888894,1.010726406593058,0.266666666666666,False,0.06419715268565607,6,2.2444444444444445,4.0,2.0,True,10.48,19.53333333333333,39.66666666666667,"[0, 1, 4, 2, 3, 5]","[0, 1, 4, 2, 3, 5]","[0, 1, 4, 2, 3, 5]",2.533333333333333,2.533333333333333,1.0,common_uniform,False
RAND_3x3_01,random_rational,True,COMMON_UNIFORM_006__reduced__reduced,6,2.44022392894185,1.4226583746791661,1.017565554262684,0.8838763891292741,2.022222222222222,0.5690209568521345,0.13333333333333303,False,0.06419715268565607,6,2.533333333333333,4.0,2.0,True,19.382222222222218,35.855555555555554,72.3111111111111,"[0, 2, 3, 4, 1, 5]","[0, 2, 3, 4, 1, 5]","[0, 2, 3, 4, 1, 5]",4.533333333333333,5.111111111111111,1.0,common_uniform,False
RAND_3x3_01,random_rational,True,COMMON_UNIFORM_007__reduced__reduced,6,2.440223928941851,1.4226583746791661,1.017565554262685,0.9727652780181628,2.1111111111111107,0.5069599887198832,0.0,False,0.06419715268565607,6,2.4,4.0,2.0,True,20.04222222222222,37.06666666666666,74.73333333333333,"[2, 3, 1, 0, 4, 5]","[2, 3, 1, 0, 4, 5]","[2, 3, 1, 0, 4, 5]",4.644444444444444,5.3999999999999995,1.0,common_uniform,False
RAND_3x3_01,random_rational,True,COMMON_UNIFORM_008__reduced__reduced,7,2.7068905956085176,1.4226583746791661,1.2842322209293515,0.8503258334775645,1.9333333333333333,0.6338721012021025,0.0,False,0.06419715268565607,6,2.8888888888888884,4.0,2.3333333333333335,True,23.193333333333335,42.861111111111114,86.42222222222222,"[2, 1, 4, 3, 5, 0, 6]","[2, 1, 4, 3, 5, 0, 6]","[2, 1, 4, 3, 5, 0, 6]",5.644444444444444,5.5777777777777775,1.0,common_uniform,False
RAND_3x3_01,random_rational,True,COMMON_UNIFORM_009__reduced__reduced,6,2.440223928941851,1.4226583746791661,1.017565554262685,0.5501086111591873,1.5777777777777766,0.9270684775461497,0.26666666666666705,False,0.06419715268565607,6,2.4666666666666663,4.0,2.0,True,20.346666666666668,37.77777777777777,76.15555555555557,"[0, 1, 4, 2, 3, 5]","[0, 1, 4, 2, 3, 5]","[0, 1, 4, 2, 3, 5]",4.644444444444444,5.466666666666667,1.0,common_uniform,False
RAND_3x3_01,random_rational,True,COMMON_UNIFORM_010__reduced__reduced,7,2.5735572622751857,1.4226583746791661,1.1508988875960195,0.5333333333333325,1.5333333333333328,0.9682911402726623,0.20000000000000107,False,0.06419715268565607,6,2.5777777777777775,4.0,2.3333333333333335,True,18.406666666666666,34.17222222222222,69.04444444444445,"[0, 1, 4, 5, 2, 3, 6]","[0, 1, 4, 5, 2, 3, 6]","[0, 1, 4, 5, 2, 3, 6]",4.355555555555555,4.644444444444444,1.0,common_uniform,False
RAND_3x3_01,random_rational,True,COMMON_UNIFORM_011__reduced__reduced,6,2.306890595608518,1.4226583746791661,0.884232220929352,0.4888888888888886,1.4888888888888887,1.0107264065930586,0.26666666666666705,False,0.06419715268565607,6,2.2444444444444445,4.0,2.0,True,12.95111111111111,24.077777777777776,48.75555555555556,"[1, 0, 4, 2, 3, 5]","[1, 0, 4, 2, 3, 5]","[1, 0, 4, 2, 3, 5]",3.0,3.466666666666667,1.0,common_uniform,False
RAND_3x3_01,random_rational,True,LP_MIN_KAPPA__reduced__reduced,7,2.573557262275185,1.4226583746791661,1.150898887596019,0.31111111111111106,1.3111111111111111,1.1941725476889895,0.5333333333333333,False,0.06419715268565607,6,2.933333333333333,5.0,2.3333333333333335,True,25.813333333333333,47.81666666666666,96.33333333333334,"[6, 4, 2, 0, 5, 1, 3]","[6, 4, 2, 0, 5, 1, 3]","[6, 4, 2, 0, 5, 1, 3]",6.0,6.755555555555555,1.0,linear_program,False
RAND_3x3_01,random_rational,True,LP_MAX_INJECTIVE__reduced__reduced,7,2.789898095464287,1.4226583746791661,1.367239720785121,0.494770277922009,1.577777777777778,0.9270684775461485,0.5333333333333333,False,0.06419715268565607,6,2.822222222222222,4.0,2.3333333333333335,True,27.104444444444443,50.25,101.2,"[6, 1, 2, 0, 3, 4, 5]","[6, 1, 2, 0, 3, 4, 5]","[6, 1, 2, 0, 3, 4, 5]",6.288888888888888,7.044444444444444,1.0,linear_program,False
RAND_3x3_01,random_rational,True,RAND_3x3_01_V_000__reduced__reduced,5,2.1995812306460643,1.4226583746791661,0.7769228559668981,0.7949875002403852,1.9333333333333333,0.6338721012021025,0.26666666666666666,False,0.06419715268565607,6,2.0,3.0,1.6666666666666667,True,19.259999999999998,35.583333333333336,71.66666666666666,"[4, 0, 1, 3, 2]","[4, 0, 1, 3, 2]","[4, 0, 1, 3, 2]",4.533333333333333,5.0,1.0,random_lp_vertex,False
RAND_3x3_01,random_rational,True,RAND_3x3_01_V_004__reduced__reduced,6,2.389898095464287,1.4226583746791661,0.9672397207851211,0.8671011113034194,1.9777777777777779,0.601082166084433,0.06666666666666668,False,0.06419715268565607,6,2.3777777777777773,4.0,2.0,True,17.85333333333333,33.011111111111106,66.62222222222222,"[0, 2, 3, 4, 1, 5]","[0, 2, 3, 4, 1, 5]","[0, 2, 3, 4, 1, 5]",4.177777777777778,4.7555555555555555,1.0,random_lp_vertex,False
RAND_3x3_01,random_rational,True,RAND_3x3_01_V_005__reduced__reduced,7,2.6062389286533896,1.4226583746791661,1.1835805539742235,0.8058813890331202,1.8888888888888893,0.6674246609131287,0.06666666666666667,False,0.06419715268565607,6,2.644444444444444,4.0,2.3333333333333335,True,23.808888888888887,44.05,88.8,"[2, 0, 6, 3, 5, 1, 4]","[2, 0, 6, 3, 5, 1, 4]","[2, 0, 6, 3, 5, 1, 4]",5.644444444444444,6.044444444444444,1.0,random_lp_vertex,False
RAND_3x3_01,random_rational,True,RAND_3x3_01_V_006__reduced__reduced,7,2.573557262275185,1.4226583746791661,1.150898887596019,0.5333333333333332,1.5333333333333334,0.9682911402726616,0.2,False,0.06419715268565607,6,2.844444444444444,4.0,2.3333333333333335,True,19.575555555555557,36.25,73.2,"[1, 4, 0, 5, 2, 3, 6]","[1, 4, 0, 5, 2, 3, 6]","[1, 4, 0, 5, 2, 3, 6]",4.711111111111111,4.822222222222222,1.0,random_lp_vertex,False
RAND_3x3_01,random_rational,True,RAND_3x3_01_V_007__reduced__reduced,7,2.533775615611495,1.4226583746791661,1.1111172409323289,0.5555555555555556,1.5555555555555558,0.947532580105864,0.16666666666666666,False,0.06419715268565607,6,2.6222222222222222,4.0,2.3333333333333335,True,21.504444444444445,39.83888888888889,80.37777777777777,"[2, 5, 6, 1, 4, 0, 3]","[2, 5, 6, 1, 4, 0, 3]","[2, 5, 6, 1, 4, 0, 3]",5.111111111111111,5.3999999999999995,1.0,random_lp_vertex,False
RAND_3x3_01,random_rational,True,RAND_3x3_01_V_008__reduced__reduced,6,2.4402239289418515,1.4226583746791661,1.0175655542626854,0.5501086111591881,1.5777777777777777,0.9270684775461487,0.26666666666666666,False,0.06419715268565607,6,2.4666666666666663,4.0,2.0,True,16.486666666666665,30.466666666666665,61.53333333333334,"[3, 1, 0, 2, 4, 5]","[3, 1, 0, 2, 4, 5]","[3, 1, 0, 2, 4, 5]",4.066666666666666,3.888888888888889,1.0,random_lp_vertex,False
RAND_3x3_01,random_rational,True,RAND_3x3_01_V_009__reduced__reduced,7,2.5362434129830604,1.4226583746791661,1.1135850383038943,0.6666666666666666,1.6666666666666667,0.8479969065549499,0.0,False,0.06419715268565607,6,2.644444444444444,4.0,2.3333333333333335,True,23.63111111111111,43.983333333333334,88.66666666666666,"[0, 6, 2, 1, 3, 5, 4]","[4, 5, 0, 2, 3, 6, 1]","[4, 5, 0, 2, 3, 6, 1]",5.71111111111111,5.933333333333334,1.0,random_lp_vertex,False
RAND_3x3_01,random_rational,True,RAND_3x3_01_V_010__reduced__reduced,4,1.9329145639793976,1.4226583746791661,0.5102561893002315,1.0398663893215825,2.2888888888888888,0.39031506986761255,0.26666666666666666,False,0.06419715268565607,6,1.5333333333333332,2.0,1.3333333333333333,True,12.835555555555555,23.68888888888889,47.77777777777777,"[0, 3, 1, 2]","[0, 3, 1, 2]","[0, 3, 1, 2]",3.0,3.466666666666667,1.0,random_lp_vertex,False
RAND_3x3_01,random_rational,True,RAND_3x3_01_V_011__reduced__reduced,6,2.523231428797621,1.4226583746791661,1.1005730541184549,0.8503258334775647,1.9333333333333338,0.6338721012021021,0.0,False,0.06419715268565607,6,2.3555555555555556,3.0,2.0,True,19.91777777777778,36.788888888888884,74.17777777777778,"[5, 3, 1, 0, 2, 4]","[5, 3, 1, 0, 2, 4]","[5, 3, 1, 0, 2, 4]",4.711111111111111,5.177777777777777,1.0,random_lp_vertex,False
RAND_3x3_01,random_rational,True,RAND_3x3_01_V_012__reduced__reduced,5,2.1735572622751853,1.4226583746791661,0.7508988875960192,0.5501086111591881,1.5777777777777777,0.9270684775461487,0.26666666666666666,False,0.06419715268565607,6,2.0,3.0,1.6666666666666667,True,13.022222222222222,24.205555555555556,48.91111111111111,"[0, 1, 3, 2, 4]","[0, 1, 3, 2, 4]","[0, 1, 3, 2, 4]",3.0,3.466666666666667,1.0,random_lp_vertex,False
RAND_3x3_01,random_rational,True,RAND_3x3_01_V_013__reduced__reduced,7,2.6565647621309543,1.4226583746791661,1.2339063874517882,0.6666666666666667,1.666666666666667,0.8479969065549496,0.0,False,0.06419715268565607,6,2.933333333333333,5.0,2.3333333333333335,True,25.53333333333333,47.25,95.19999999999999,"[4, 6, 5, 2, 0, 1, 3]","[4, 6, 5, 2, 0, 1, 3]","[4, 6, 5, 2, 0, 1, 3]",6.0,6.5777777777777775,1.0,random_lp_vertex,False
RAND_3x3_01,random_rational,True,RAND_3x3_01_V_014__reduced__reduced,6,2.4402239289418515,1.4226583746791661,1.0175655542626854,0.7278863889369659,1.7555555555555555,0.7730348488737279,0.0,False,0.06419715268565607,6,2.4666666666666663,4.0,2.0,True,19.995555555555555,37.03333333333333,74.66666666666666,"[2, 4, 1, 0, 3, 5]","[2, 4, 1, 0, 3, 5]","[2, 4, 1, 0, 3, 5]",4.644444444444444,5.288888888888889,1.0,random_lp_vertex,False
RAND_3x3_01,random_rational,True,RAND_3x3_01_V_015__reduced__reduced,7,2.464083511770376,1.4226583746791661,1.0414251370912098,0.7002172223183764,1.7555555555555558,0.7730348488737276,0.13333333333333333,False,0.06419715268565607,6,2.5999999999999996,3.0,2.3333333333333335,True,18.16,33.58333333333333,67.86666666666667,"[2, 0, 5, 1, 4, 3, 6]","[5, 1, 3, 2, 0, 4, 6]","[5, 1, 3, 2, 0, 4, 6]",4.644444444444444,4.288888888888889,1.0,random_lp_vertex,False
RAND_3x3_01,random_rational,True,RAND_3x3_01_V_016__reduced__reduced,5,2.1995812306460643,1.4226583746791661,0.7769228559668981,1.2176441670993603,2.466666666666667,0.28239973070072466,0.0,False,0.06419715268565607,6,1.9999999999999996,3.0,1.6666666666666667,True,19.835555555555555,36.58333333333333,73.66666666666666,"[0, 1, 2, 4, 3]","[0, 1, 2, 4, 3]","[0, 1, 2, 4, 3]",4.644444444444444,5.288888888888889,1.0,random_lp_vertex,False
RAND_3x3_01,random_rational,True,RAND_3x3_01_V_017__reduced__reduced,6,2.196791631981637,1.4226583746791661,0.7741332573024708,0.6222222222222223,1.6222222222222225,0.8869910381708134,0.06666666666666667,False,0.06419715268565607,6,2.0444444444444443,3.0,2.0,True,15.842222222222222,28.999999999999996,58.599999999999994,"[5, 1, 2, 0, 3, 4]","[5, 1, 2, 0, 3, 4]","[5, 1, 2, 0, 3, 4]",4.111111111111111,3.5777777777777775,1.0,random_lp_vertex,False
RAND_3x3_01,random_rational,True,RAND_3x3_01_V_018__reduced__reduced,6,2.389898095464287,1.4226583746791661,0.9672397207851211,0.5333333333333332,1.5333333333333334,0.9682911402726616,0.2,False,0.06419715268565607,6,2.4666666666666663,4.0,2.0,True,20.04222222222222,36.977777777777774,74.55555555555556,"[5, 0, 1, 4, 3, 2]","[5, 0, 1, 4, 3, 2]","[5, 0, 1, 4, 3, 2]",4.822222222222222,5.044444444444444,1.0,random_lp_vertex,False
RAND_3x3_01,random_rational,True,RAND_3x3_01_V_019__reduced__reduced,6,2.4402239289418515,1.4226583746791661,1.0175655542626854,0.4612197222702992,1.488888888888889,1.0107264065930583,0.4,False,0.06419715268565607,6,2.533333333333333,4.0,2.0,True,18.637777777777774,34.666666666666664,69.93333333333334,"[2, 0, 1, 3, 4, 5]","[2, 0, 1, 3, 4, 5]","[2, 0, 1, 3, 4, 5]",4.288888888888889,4.866666666666666,1.0,random_lp_vertex,False
