family,p,n,trials,agreement_fraction,fiber_completion_fraction,trellis_completion_fraction,prefix_completion_fraction,median_fiber_wall,median_trellis_wall,median_prefix_wall,median_best_baseline_wall,median_fiber_over_trellis_wall,median_fiber_over_prefix_wall,median_fiber_over_best_wall,p95_fiber_over_best_wall,median_best_over_fiber_wall,median_fiber_work,median_trellis_work,median_prefix_work,median_best_baseline_work,median_fiber_histories,p99_fiber_histories,median_fiber_membership_queries,median_trellis_dp_updates,median_trellis_nodes,median_prefix_nodes
crc_like,0.02,16,12,1.0,1.0,1.0,1.0,0.00040495052235201,0.0033429079921916127,0.0012032634695060551,0.0012032634695060551,0.11559914284388043,0.3793321840111069,0.3793321840111069,0.6743348720761171,2.7131382811860005,560.45,2483.0,472.65,472.65,30.0,379.10000000000025,16.0,8192.0,601.5,49.0
crc_like,0.02,20,10,1.0,1.0,1.0,1.0,0.0006512094987556338,0.008889617980457842,0.0032271909876726568,0.0032271909876726568,0.07673012180905539,0.44386270517617804,0.5071406049777124,0.6840607400794756,1.9721454772207707,979.4499999999999,5639.700000000001,1072.35,1072.35,39.0,720.58,20.5,25600.0,806.0,110.0
crc_like,0.02,24,8,1.0,1.0,1.0,1.0,0.0006545904325321317,0.022474843950476497,0.00218046095687896,0.00218046095687896,0.027236533648583777,0.31428004126018344,0.31428004126018344,0.5808012365818515,3.3940429249292654,1067.0,15121.8,991.4,991.4,45.0,48.0,23.5,73728.0,2146.0,70.5
crc_like,0.02,28,6,1.0,1.0,1.0,1.0,0.0067422614665701985,0.05233843345195055,0.014880632457789034,0.014880632457789034,0.12399951286323238,0.4208560262210326,0.4208560262210326,0.54182357259493,2.4916309806270927,13544.625,35452.55,4955.85,4955.85,704.0,1457.3,332.5,200704.0,2140.5,460.5
crc_like,0.02,32,4,1.0,1.0,1.0,1.0,0.0010701185674406588,0.13741083652712405,0.004520261427387595,0.004520261427387595,0.007812909139713482,0.24130865564996712,0.24130865564996712,0.48810492721412896,4.271936015790642,1902.8000000000002,89437.9,1894.05,1894.05,61.0,62.0,31.5,524288.0,5997.0,110.0
crc_like,0.05,16,12,1.0,1.0,1.0,1.0,0.0003564460203051567,0.0033411509939469397,0.0013480884372256696,0.0013480884372256696,0.11509757365207232,0.31297223014567266,0.31297223014567266,0.41391785028171035,3.1951754026982546,495.1,2576.325,488.54999999999995,488.54999999999995,30.0,32.0,16.0,8192.0,633.0,52.0
crc_like,0.05,20,10,1.0,1.0,1.0,1.0,0.0030102795572020113,0.009730144462082535,0.0063670415547676384,0.0063670415547676384,0.2488501305179672,0.48907068432131984,0.49628306277079437,0.8009394437008339,2.0565579770509905,5145.35,7443.425,1592.9499999999998,1592.9499999999998,306.0,686.0,146.5,25600.0,1345.0,177.5
crc_like,0.05,24,8,1.0,1.0,1.0,1.0,0.0007822145125828683,0.02479038800811395,0.003110983525402844,0.003110983525402844,0.03556887012744138,0.47009617442995155,0.47009617442995155,0.6156721219105648,2.1688366652383766,1260.3999999999999,16042.399999999998,1198.9,1198.9,46.0,1053.56,24.0,73728.0,2466.0,96.0
crc_like,0.05,28,6,1.0,1.0,1.0,1.0,0.012524753517936915,0.05142801447072998,0.02349828404840082,0.02349828404840082,0.2467575796068674,0.40199053415786357,0.42136745571189727,0.6549884667366959,2.377415489581171,26335.65,37803.725,7257.4,7257.4,1406.0,2899.1000000000004,660.5,200704.0,2671.5,695.0
crc_like,0.05,32,4,1.0,1.0,1.0,1.0,0.08887915953528136,0.1522382500115782,0.13897321850527078,0.13418961100978777,0.5840501611060577,0.6138049523953119,0.7023095818360617,1.8846708851875418,1.767358686732757,151034.5,101631.35,40553.65,40553.65,7628.0,29445.799999999996,3571.0,524288.0,12440.5,3704.0
crc_like,0.1,16,12,1.0,1.0,1.0,1.0,0.0005358170019462705,0.0036810210440307856,0.0018288734718225896,0.0018288734718225896,0.1399681950961421,0.47478951351344056,0.48972074839559054,0.8690934660113253,2.0644548519747525,688.5,2708.225,461.7,461.7,32.0,238.70000000000002,17.0,8192.0,714.5,46.5
crc_like,0.1,20,10,1.0,1.0,1.0,1.0,0.003141157969366759,0.011056098504923284,0.004808465542737395,0.004808465542737395,0.25391441758442934,0.6140365521480167,0.6159655901628189,0.8480366581667598,1.6262651357536337,4609.950000000001,6532.55,1239.5,1239.5,268.0,720.58,140.5,25600.0,1032.5,131.5
crc_like,0.1,24,8,1.0,1.0,1.0,1.0,0.015898726996965706,0.02399880555458367,0.029166825057473034,0.022058931994251907,0.6295000300939003,0.7342590522797594,0.9288552448133701,1.9426172528282206,1.0847085384657345,30945.15,19397.399999999998,8428.05,8428.05,1658.0,7446.6399999999985,860.5,73728.0,2966.5,945.5
crc_like,0.1,28,6,1.0,1.0,1.0,1.0,0.009525986504741013,0.05861049651866779,0.011881228536367416,0.011881228536367416,0.16953875447043326,0.6407584905254327,0.6407584905254327,0.8440362279313324,1.60187018117358,17475.375,35663.1,3727.125,3727.125,866.0,1541.0,414.5,200704.0,1948.0,321.5
crc_like,0.1,32,4,1.0,1.0,1.0,1.0,0.2559289495111443,0.1614255839958787,0.2137460290105082,0.15816279198043048,1.5760412811042226,0.9688636289355,1.5760412811042226,1.7798558679188405,0.6345031726822619,500821.60000000003,109560.09999999999,65954.67499999999,65954.67499999999,25298.0,29920.1,10930.0,524288.0,15109.0,6060.0
random_linear,0.02,16,12,1.0,1.0,1.0,1.0,0.0004754330147989094,0.003329234488774091,0.0012768685119226575,0.0012768685119226575,0.15502232523247927,0.425190286574489,0.425190286574489,0.8061185834323941,2.3519277240216767,591.1500000000001,2365.95,437.5,437.5,30.0,405.80000000000024,16.0,8192.0,535.5,43.5
random_linear,0.02,20,10,1.0,1.0,1.0,1.0,0.0007406849763356149,0.00886673096101731,0.0031157329794950783,0.0031157329794950783,0.08611758666611256,0.24323294875814133,0.24323294875814133,0.7568344935284237,4.138055227697127,889.875,5885.4,910.625,910.625,39.0,665.48,20.5,25600.0,968.0,87.5
random_linear,0.02,24,8,1.0,1.0,1.0,1.0,0.000736187444999814,0.02154053858248517,0.0038479805225506425,0.0038479805225506425,0.035461604176779446,0.20172571281249202,0.20172571281249202,0.5354815982542247,4.977684134660077,1389.8999999999999,14071.899999999998,1276.1999999999998,1276.1999999999998,46.0,48.0,24.0,73728.0,1346.0,104.0
random_linear,0.02,28,6,1.0,1.0,1.0,1.0,0.0007862015045247972,0.05323758546728641,0.007639365503564477,0.007639365503564477,0.014598326050676952,0.15268268336933316,0.15268268336933316,0.5857296592526087,7.035138101426917,1525.9,33941.924999999996,2711.6,2711.6,56.0,1287.2000000000003,29.0,200704.0,1889.0,223.0
random_linear,0.02,32,4,1.0,1.0,1.0,1.0,0.0012330450117588043,0.13349022949114442,0.008311938494443893,0.008311938494443893,0.00806825524762323,0.23469362824658135,0.23469362824658135,0.41214195109047014,4.285118701663452,1947.2000000000003,82972.425,2948.95,2948.95,62.0,1747.8599999999997,32.0,524288.0,2085.5,205.0
random_linear,0.05,16,12,1.0,1.0,1.0,1.0,0.00046488147927448153,0.003256120951846242,0.0021895895479246974,0.0021895895479246974,0.14412406188507898,0.41058519129627374,0.42216113179591763,0.8867793567920431,2.3878573012714046,693.3000000000001,2640.7749999999996,739.0999999999999,739.0999999999999,32.0,388.70000000000005,17.0,8192.0,570.5,77.0
random_linear,0.05,20,10,1.0,1.0,1.0,1.0,0.0005775539902970195,0.008144604042172432,0.0016681849956512451,0.0016681849956512451,0.06968017922740682,0.4561502384630757,0.4561502384630757,0.571459534659281,2.2251088299253077,888.675,5483.625,586.275,586.275,36.0,627.8600000000001,19.0,25600.0,778.0,43.5
random_linear,0.05,24,8,1.0,1.0,1.0,1.0,0.0007012069690972567,0.02164851501584053,0.0032696009729988873,0.0032696009729988873,0.03302326509725778,0.3130081613654778,0.3461569354343409,0.5637053986509813,2.9020524346944345,1131.6,14004.699999999999,1223.85,1223.85,48.0,1053.56,25.0,73728.0,1476.0,98.0
random_linear,0.05,28,6,1.0,1.0,1.0,1.0,0.01532325753942132,0.054996615974232554,0.03434211597777903,0.03434211597777903,0.27501798817243384,0.35904787283070183,0.35904787283070183,0.6621877952521085,2.7854894060662696,26989.475,36695.075,9693.375,9693.375,1460.0,1514.0,689.0,200704.0,2387.0,952.0
random_linear,0.05,32,4,1.0,1.0,1.0,1.0,0.02015372907044366,0.12723896646639332,0.07868935097940266,0.07868935097940266,0.18167241967785924,0.4999526312275224,0.4999526312275224,1.4836040217753923,2.616977589239479,42100.3,85422.525,24367.949999999997,24367.949999999997,2017.0,23698.399999999994,967.0,524288.0,3020.5,2203.0
random_linear,0.1,16,12,1.0,1.0,1.0,1.0,0.0016485670348629355,0.0037738890387117863,0.002739000541623682,0.002739000541623682,0.3730189395292105,0.5389562133697197,0.571141114294895,0.7543976809512289,1.7578257191755984,2871.6,3417.7999999999997,780.5500000000001,780.5500000000001,167.0,442.1,88.5,8192.0,731.5,98.0
random_linear,0.1,20,10,1.0,1.0,1.0,1.0,0.0026931114844046533,0.008698213030584157,0.004647796507924795,0.004647796507924795,0.32913751658996127,0.5642573852136408,0.5642573852136408,0.6956902190861343,1.7752757011323927,5257.25,6808.674999999999,1485.35,1485.35,325.0,606.58,160.5,25600.0,1078.5,164.5
random_linear,0.1,24,8,1.0,1.0,1.0,1.0,0.00895239453529939,0.02544677851255983,0.011165937001351267,0.011165937001351267,0.35132905164926054,0.674557539752099,0.674557539752099,0.9760232386597772,1.5098740579233256,12279.75,15602.3,2813.1,2813.1,692.0,1106.0,335.5,73728.0,1592.0,265.5
random_linear,0.1,28,6,1.0,1.0,1.0,1.0,0.01443831849610433,0.05424073099857196,0.03403035050723702,0.03403035050723702,0.26545601216531345,0.4362157711902559,0.4362157711902559,0.7966769010091618,2.2955350131564365,26727.825,35434.425,8958.575,8958.575,1487.0,1565.3,700.5,200704.0,2138.5,872.5
random_linear,0.1,32,4,1.0,1.0,1.0,1.0,0.04669501294847578,0.13850847748108208,0.05647768150083721,0.05647768150083721,0.344369371838408,0.9766549737879207,0.9766549737879207,1.2723110487729397,1.0414941397107347,79925.75000000001,88036.2,17232.25,17232.25,3908.0,20201.599999999995,2023.5,524288.0,3989.5,1524.0
