regime,n,rate,metric,mean_log2_rank,median_log2_rank,p95_log2_rank,mean_normalized_rank,median_oracle_overhead_bits,p95_oracle_overhead_bits,mean_effective_log2_queries,mean_bler_proxy
BURSTY_RARE,32,0.75,EMPIRICAL_ML1,4.11257033950602,2.584962500721156,10.171205937713795,0.1285178231095631,2.584962500721156,2.907098305990149,3.6051002568507884,0.18901027227928174
BURSTY_RARE,32,0.75,FIT_16,1.806662594871375,0.0,8.060695931687555,0.05645820608973047,0.0,1.0179106225309218,1.4688217805529857,0.11088095079630218
BURSTY_RARE,32,0.75,FIT_512,1.5144173960955691,0.0,7.728597781155098,0.047325543627986535,0.0,0.08286516979548043,1.3928436555216173,0.09969525402992807
BURSTY_RARE,32,0.75,FIT_64,1.6783705196280885,0.0,7.703826948472886,0.052449078738377765,0.0,0.14399731872742352,1.4286427419451537,0.10701125153508664
BURSTY_RARE,32,0.75,KT0_MEMORYLESS,4.8127193878289845,1.0,23.10625397566882,0.15039748086965576,1.0,14.400701632374677,2.4,0.20291764830368644
BURSTY_RARE,32,0.75,KT1_UNIVERSAL,2.802813776113096,1.0,10.363865193250389,0.08758793050353425,1.0,2.802293928280696,2.333042213629932,0.17102127045657473
BURSTY_RARE,32,0.75,ORACLE_MARKOV,1.527587731596949,0.0,7.768184324776928,0.04773711661240466,0.0,0.0,1.3900945878699535,0.1011579421283301
BURSTY_RARE,32,0.875,EMPIRICAL_ML1,4.11257033950602,2.584962500721156,10.171205937713795,0.1285178231095631,2.584962500721156,2.907098305990149,2.867970000576924,0.41037815939057165
BURSTY_RARE,32,0.875,FIT_16,1.806662594871375,0.0,8.060695931687555,0.05645820608973047,0.0,1.0179106225309218,0.8,0.19848239647028065
BURSTY_RARE,32,0.875,FIT_512,1.5144173960955691,0.0,7.728597781155098,0.047325543627986535,0.0,0.08286516979548043,0.7778602336311986,0.18504023734163136
BURSTY_RARE,32,0.875,FIT_64,1.6783705196280885,0.0,7.703826948472886,0.052449078738377765,0.0,0.14399731872742352,0.7823120312590144,0.19083241777447724
BURSTY_RARE,32,0.875,KT0_MEMORYLESS,4.8127193878289845,1.0,23.10625397566882,0.15039748086965576,1.0,14.400701632374677,1.6,0.24846954959064432
BURSTY_RARE,32,0.875,KT1_UNIVERSAL,2.802813776113096,1.0,10.363865193250389,0.08758793050353425,1.0,2.802293928280696,1.6,0.24411228726276848
BURSTY_RARE,32,0.875,ORACLE_MARKOV,1.527587731596949,0.0,7.768184324776928,0.04773711661240466,0.0,0.0,0.7778602336311985,0.1850421597042046
BURSTY_RARE,64,0.75,EMPIRICAL_ML1,7.12621787318611,2.584962500721156,19.16215893227935,0.11134715426853296,2.584962500721156,4.522616175272015,6.664188230817461,0.11939934577189373
BURSTY_RARE,64,0.75,FIT_16,6.146500005294763,0.0,21.78590311778114,0.09603906258273068,0.0,7.497251826564887,4.993383292827368,0.14631674517040863
BURSTY_RARE,64,0.75,FIT_512,4.323783860406502,0.0,15.488872761883313,0.0675591228188516,0.0,0.10500159101949706,4.145027470913606,0.06791195346964007
BURSTY_RARE,64,0.75,FIT_64,5.187651649914952,0.0,19.776520803304624,0.08105705702992112,0.0,4.423303491745765,4.618728846786046,0.10227782040032858
BURSTY_RARE,64,0.75,KT0_MEMORYLESS,12.093887029432384,1.0,46.97929243773425,0.188966984834881,1.0,29.551010816365345,6.914771453138189,0.3341037045842882
BURSTY_RARE,64,0.75,KT1_UNIVERSAL,6.055541463108066,1.0,18.809701986212065,0.09461783536106354,1.0,4.077688768435128,5.620113712888795,0.11519968846652481
BURSTY_RARE,64,0.75,ORACLE_MARKOV,4.27788934810594,0.0,15.52938965108208,0.06684202106415531,0.0,0.0,4.092523006675822,0.06664819821789249
BURSTY_RARE,64,0.875,EMPIRICAL_ML1,7.12621787318611,2.584962500721156,19.16215893227935,0.11134715426853296,2.584962500721156,4.522616175272015,4.952747926933462,0.4236861233105905
BURSTY_RARE,64,0.875,FIT_16,6.146500005294763,0.0,21.78590311778114,0.09603906258273068,0.0,7.497251826564887,3.341261919951316,0.32755618936911707
BURSTY_RARE,64,0.875,FIT_512,4.323783860406502,0.0,15.488872761883313,0.0675591228188516,0.0,0.10500159101949706,3.173922969560831,0.29946358874760126
BURSTY_RARE,64,0.875,FIT_64,5.187651649914952,0.0,19.776520803304624,0.08105705702992112,0.0,4.423303491745765,3.3174456415680256,0.32680271291447377
BURSTY_RARE,64,0.875,KT0_MEMORYLESS,12.093887029432384,1.0,46.97929243773425,0.188966984834881,1.0,29.551010816365345,4.013618390651422,0.40948467426975055
BURSTY_RARE,64,0.875,KT1_UNIVERSAL,6.055541463108066,1.0,18.809701986212065,0.09461783536106354,1.0,4.077688768435128,4.0010768648270485,0.39424810413776656
BURSTY_RARE,64,0.875,ORACLE_MARKOV,4.27788934810594,0.0,15.52938965108208,0.06684202106415531,0.0,0.0,3.133148613554387,0.29414537793550954
BURSTY_RARE,128,0.75,EMPIRICAL_ML1,13.805679478653857,13.635532935155675,27.609231642155823,0.10785687092698326,2.584962500721156,4.19852436915141,13.5167648641409,0.03508634902316344
BURSTY_RARE,128,0.75,FIT_16,14.392274848150617,15.110754514040455,38.120079378347704,0.1124396472511767,0.0,14.244171784194513,13.47546914880058,0.08536029954208733
BURSTY_RARE,128,0.75,FIT_512,11.617525474984756,10.541096290432765,24.8831620261089,0.0907619177733184,0.0,3.6750753573982182,11.332962200022196,0.026342230617613777
BURSTY_RARE,128,0.75,FIT_64,12.702694778458639,13.22099943572027,31.571480126094766,0.09923980295670812,0.0,5.830704061817948,12.219121306170303,0.05355650142612787
BURSTY_RARE,128,0.75,KT0_MEMORYLESS,31.135983292377386,26.71561401904758,77.95157731933753,0.24324986947169833,12.509035675520707,59.41473936180948,19.85951794224945,0.4425964945059689
BURSTY_RARE,128,0.75,KT1_UNIVERSAL,13.15392032996761,12.358613123435054,27.528642253071506,0.10276500257787195,2.086128608229906,3.9245606146507197,12.863124029031008,0.03545261628871735
BURSTY_RARE,128,0.75,ORACLE_MARKOV,11.04083021103563,10.352782447217674,24.23959989844567,0.08625648602371586,0.0,0.0,10.831846510807122,0.026086670568784876
BURSTY_RARE,128,0.875,EMPIRICAL_ML1,13.805679478653857,13.635532935155675,27.609231642155823,0.10785687092698326,2.584962500721156,4.19852436915141,10.80962701767059,0.40686209487265035
BURSTY_RARE,128,0.875,FIT_16,14.392274848150617,15.110754514040455,38.120079378347704,0.1124396472511767,0.0,14.244171784194513,10.034812985967026,0.478571918834402
BURSTY_RARE,128,0.875,FIT_512,11.617525474984756,10.541096290432765,24.8831620261089,0.0907619177733184,0.0,3.6750753573982182,9.379505535219211,0.3721702011636812
BURSTY_RARE,128,0.875,FIT_64,12.702694778458639,13.22099943572027,31.571480126094766,0.09923980295670812,0.0,5.830704061817948,9.759721172402369,0.4121260510575878
BURSTY_RARE,128,0.875,KT0_MEMORYLESS,31.135983292377386,26.71561401904758,77.95157731933753,0.24324986947169833,12.509035675520707,59.41473936180948,11.388350780879586,0.6487364437123002
BURSTY_RARE,128,0.875,KT1_UNIVERSAL,13.15392032996761,12.358613123435054,27.528642253071506,0.10276500257787195,2.086128608229906,3.9245606146507197,10.214190155492386,0.39565767046925365
BURSTY_RARE,128,0.875,ORACLE_MARKOV,11.04083021103563,10.352782447217674,24.23959989844567,0.08625648602371586,0.0,0.0,9.163105914156557,0.34175629637873933
BURSTY_RARE,256,0.75,EMPIRICAL_ML1,29.490350627680563,31.76853115092372,53.20675123254924,0.1151966821393772,3.3843213330206563,5.076118504454004,29.28437400830769,0.016007383807917202
BURSTY_RARE,256,0.75,FIT_16,33.954520645722674,32.59915867315932,67.12378726224681,0.1326348462723542,3.9618856581414397,22.163749012030664,31.917163980818053,0.07435865700708003
BURSTY_RARE,256,0.75,FIT_512,27.00788482993671,27.462573907215578,55.854199092278705,0.10549955011694027,0.0037866033309850167,4.890845505181591,26.866616387917624,0.013687320854232818
BURSTY_RARE,256,0.75,FIT_64,30.21387742846838,29.829715194117853,65.42072106019484,0.1180229587049546,0.1478513702500024,24.570423997541376,29.648696277246323,0.07408591017095792
BURSTY_RARE,256,0.75,KT0_MEMORYLESS,73.48223166773076,72.09582305067622,152.67514815887083,0.2870399674520733,42.56486705988088,104.53873010793885,51.08992588413683,0.5641016907019811
BURSTY_RARE,256,0.75,KT1_UNIVERSAL,29.1671559383641,31.01833435861313,53.372615407429755,0.11393420288423477,3.2082671764677624,4.598109091815283,28.964568581291257,0.015176021417489574
BURSTY_RARE,256,0.75,ORACLE_MARKOV,26.24917351940154,28.203404614778115,49.643609090656554,0.10253583406016227,0.0,0.0,26.107979858048928,0.013145986668029738
BURSTY_RARE,256,0.875,EMPIRICAL_ML1,29.490350627680563,31.76853115092372,53.20675123254924,0.1151966821393772,3.3843213330206563,5.076118504454004,24.310087067677397,0.4817289081878583
BURSTY_RARE,256,0.875,FIT_16,33.954520645722674,32.59915867315932,67.12378726224681,0.1326348462723542,3.9618856581414397,22.163749012030664,24.319395318492848,0.5403565275709143
BURSTY_RARE,256,0.875,FIT_512,27.00788482993671,27.462573907215578,55.854199092278705,0.10549955011694027,0.0037866033309850167,4.890845505181591,22.72602572111102,0.3831166085411732
BURSTY_RARE,256,0.875,FIT_64,30.21387742846838,29.829715194117853,65.42072106019484,0.1180229587049546,0.1478513702500024,24.570423997541376,23.332064584618415,0.46766106389115764
BURSTY_RARE,256,0.875,KT0_MEMORYLESS,73.48223166773076,72.09582305067622,152.67514815887083,0.2870399674520733,42.56486705988088,104.53873010793885,28.638449562968948,0.8262722806648857
BURSTY_RARE,256,0.875,KT1_UNIVERSAL,29.1671559383641,31.01833435861313,53.372615407429755,0.11393420288423477,3.2082671764677624,4.598109091815283,24.070400648070624,0.4741756346778104
BURSTY_RARE,256,0.875,ORACLE_MARKOV,26.24917351940154,28.203404614778115,49.643609090656554,0.10253583406016227,0.0,0.0,22.59735204102292,0.3670911256309253
MODERATE_MEMORY,32,0.75,EMPIRICAL_ML1,13.761753471835238,13.320236445241639,22.83462963539582,0.4300547959948512,3.037030730944961,4.179547006432517,7.782879271263672,0.8900202981961234
MODERATE_MEMORY,32,0.75,FIT_16,11.955048220915721,11.47859106082981,20.934576872905247,0.3735952569036163,0.28306657634508614,5.856981164855103,7.240061491215019,0.7873266699918342
MODERATE_MEMORY,32,0.75,FIT_512,10.8659242662151,10.169085815680377,18.873656152913615,0.33956013331922186,0.0,0.5032755155495771,7.083263648271272,0.7150285421526237
MODERATE_MEMORY,32,0.75,FIT_64,10.985637609945357,10.621376849414801,19.680447030293337,0.3433011753107924,0.0,1.9387312477034615,7.0980134980086635,0.7225730805668426
MODERATE_MEMORY,32,0.75,KT0_MEMORYLESS,15.614837800836998,16.339049675180156,26.426603198732774,0.4879636812761562,4.479694095078554,11.350181468305417,7.493049264919809,0.8634618162470353
MODERATE_MEMORY,32,0.75,KT1_UNIVERSAL,13.10845327772098,13.21340804085833,22.157514528916508,0.4096391649287806,2.3339007365534314,3.786340329522913,7.530280068291768,0.8314603256096003
MODERATE_MEMORY,32,0.75,ORACLE_MARKOV,10.809901293869732,9.938109326219227,19.1718159280154,0.3378094154334291,0.0,0.0,7.070215685818425,0.7117058139337104
MODERATE_MEMORY,32,0.875,EMPIRICAL_ML1,13.761753471835238,13.320236445241639,22.83462963539582,0.4300547959948512,3.037030730944961,4.179547006432517,3.946936093777043,0.9725642302226568
MODERATE_MEMORY,32,0.875,FIT_16,11.955048220915721,11.47859106082981,20.934576872905247,0.3735952569036163,0.28306657634508614,5.856981164855103,3.85,0.9474239358836691
MODERATE_MEMORY,32,0.875,FIT_512,10.8659242662151,10.169085815680377,18.873656152913615,0.33956013331922186,0.0,0.5032755155495771,3.829024101186092,0.9385266110180865
MODERATE_MEMORY,32,0.875,FIT_64,10.985637609945357,10.621376849414801,19.680447030293337,0.3433011753107924,0.0,1.9387312477034615,3.829024101186092,0.9379707257571063
MODERATE_MEMORY,32,0.875,KT0_MEMORYLESS,15.614837800836998,16.339049675180156,26.426603198732774,0.4879636812761562,4.479694095078554,11.350181468305417,3.8875,0.9626212663694309
MODERATE_MEMORY,32,0.875,KT1_UNIVERSAL,13.10845327772098,13.21340804085833,22.157514528916508,0.4096391649287806,2.3339007365534314,3.786340329522913,3.8875,0.9643602883460417
MODERATE_MEMORY,32,0.875,ORACLE_MARKOV,10.809901293869732,9.938109326219227,19.1718159280154,0.3378094154334291,0.0,0.0,3.829024101186092,0.9370415331221851
MODERATE_MEMORY,64,0.75,EMPIRICAL_ML1,29.245984188271166,30.790319948591893,46.43869120611813,0.45696850294173696,3.5441957342715407,4.823283208219196,15.353727533330092,0.8952639216386927
MODERATE_MEMORY,64,0.75,FIT_16,28.24388997005824,28.798195765857812,45.18827872855534,0.44131078078216,0.3999906331270626,9.593342811317262,15.177290743162242,0.8658853502379611
MODERATE_MEMORY,64,0.75,FIT_512,26.367065881089616,27.86692988551369,41.746562082741626,0.41198540439202525,0.0,1.3503595456344417,15.052253977054173,0.8569460860469593
MODERATE_MEMORY,64,0.75,FIT_64,26.74661862222984,28.17508627592349,42.300911714329835,0.41791591597234123,0.0546915038313891,4.297427332780401,15.037027094857674,0.8541584513507349
MODERATE_MEMORY,64,0.75,KT0_MEMORYLESS,35.750238501926844,35.927302340404225,53.40543714797899,0.558597476592607,9.272661088700389,20.181234119407673,15.56394132810846,0.9189764120432276
MODERATE_MEMORY,64,0.75,KT1_UNIVERSAL,28.855726312369814,30.617187620338377,46.34474285749262,0.45087072363077835,3.117520683592023,4.421872858358416,15.284345379689887,0.8873376484356774
MODERATE_MEMORY,64,0.75,ORACLE_MARKOV,26.21442815263062,28.029975955069375,41.11800700201654,0.40960043988485345,0.0,0.0,15.031440553546986,0.8511852216134571
MODERATE_MEMORY,64,0.875,EMPIRICAL_ML1,29.245984188271166,30.790319948591893,46.43869120611813,0.45696850294173696,3.5441957342715407,4.823283208219196,7.9323120312590145,0.9816168436591843
MODERATE_MEMORY,64,0.875,FIT_16,28.24388997005824,28.798195765857812,45.18827872855534,0.44131078078216,0.3999906331270626,9.593342811317262,7.875,0.9694242641247721
MODERATE_MEMORY,64,0.875,FIT_512,26.367065881089616,27.86692988551369,41.746562082741626,0.41198540439202525,0.0,1.3503595456344417,7.863338792988566,0.962248355796875
MODERATE_MEMORY,64,0.875,FIT_64,26.74661862222984,28.17508627592349,42.300911714329835,0.41791591597234123,0.0546915038313891,4.297427332780401,7.863326114880721,0.9584020721414876
MODERATE_MEMORY,64,0.875,KT0_MEMORYLESS,35.750238501926844,35.927302340404225,53.40543714797899,0.558597476592607,9.272661088700389,20.181234119407673,7.9125,0.9875487274253236
MODERATE_MEMORY,64,0.875,KT1_UNIVERSAL,28.855726312369814,30.617187620338377,46.34474285749262,0.45087072363077835,3.117520683592023,4.421872858358416,7.9125,0.9804902276636425
MODERATE_MEMORY,64,0.875,ORACLE_MARKOV,26.21442815263062,28.029975955069375,41.11800700201654,0.40960043988485345,0.0,0.0,7.863338792988566,0.9602185793805565
MODERATE_MEMORY,128,0.75,EMPIRICAL_ML1,63.42004319471611,64.59410516817277,81.81274804986917,0.4954690874587196,4.459602950194714,5.167181260625001,31.938991010014384,0.9834717581731784
MODERATE_MEMORY,128,0.75,FIT_16,65.36166514082022,66.1040503378872,87.59955897803562,0.510638008912658,1.0815771306067568,22.047273818727348,31.858682891580504,0.9761542927879336
MODERATE_MEMORY,128,0.75,FIT_512,59.55208940321271,60.318852162418324,77.36275176559305,0.4652506984625993,0.00018351319968523683,1.1271779728338136,31.84153349429056,0.9761706183650105
MODERATE_MEMORY,128,0.75,FIT_64,61.03290147519188,61.88607697743819,80.14313950384228,0.47681954277493654,0.8342166281525003,6.427633245834473,31.854321476546403,0.9769553893950047
MODERATE_MEMORY,128,0.75,KT0_MEMORYLESS,80.15781365681815,82.63488607412575,101.86388389462634,0.6262329191938918,19.562376712421866,35.29817262118785,32.0,0.9991202926153735
MODERATE_MEMORY,128,0.75,KT1_UNIVERSAL,63.10932187783537,64.2106282741109,81.26706364913348,0.49304157717058883,4.115404608596126,4.937962161114162,31.929178554743807,0.982905614425184
MODERATE_MEMORY,128,0.75,ORACLE_MARKOV,59.46095292155654,59.88695053506272,77.8353391688763,0.46453869469966047,0.0,0.0,31.84174857184494,0.976170924116326
MODERATE_MEMORY,128,0.875,EMPIRICAL_ML1,63.42004319471611,64.59410516817277,81.81274804986917,0.4954690874587196,4.459602950194714,5.167181260625001,16.0,1.0
MODERATE_MEMORY,128,0.875,FIT_16,65.36166514082022,66.1040503378872,87.59955897803562,0.510638008912658,1.0815771306067568,22.047273818727348,16.0,1.0
MODERATE_MEMORY,128,0.875,FIT_512,59.55208940321271,60.318852162418324,77.36275176559305,0.4652506984625993,0.00018351319968523683,1.1271779728338136,16.0,1.0
MODERATE_MEMORY,128,0.875,FIT_64,61.03290147519188,61.88607697743819,80.14313950384228,0.47681954277493654,0.8342166281525003,6.427633245834473,16.0,1.0
MODERATE_MEMORY,128,0.875,KT0_MEMORYLESS,80.15781365681815,82.63488607412575,101.86388389462634,0.6262329191938918,19.562376712421866,35.29817262118785,16.0,1.0
MODERATE_MEMORY,128,0.875,KT1_UNIVERSAL,63.10932187783537,64.2106282741109,81.26706364913348,0.49304157717058883,4.115404608596126,4.937962161114162,16.0,1.0
MODERATE_MEMORY,128,0.875,ORACLE_MARKOV,59.46095292155654,59.88695053506272,77.8353391688763,0.46453869469966047,0.0,0.0,16.0,1.0
MODERATE_MEMORY,256,0.75,EMPIRICAL_ML1,125.33876616784214,127.12918134647329,159.27770802581506,0.48960455534313335,4.567171661143135,5.460783382115221,64.0,1.0
MODERATE_MEMORY,256,0.75,FIT_16,130.00201252070156,127.268774227531,173.36545835556944,0.5078203614089905,2.2782249077732715,35.70059198319335,64.0,1.0
MODERATE_MEMORY,256,0.75,FIT_512,121.75764975102848,123.40011107481773,153.7897840798753,0.475615819339955,0.09899058445698472,2.47033582142855,64.0,1.0
MODERATE_MEMORY,256,0.75,FIT_64,124.64595450764764,124.21462093619436,164.34989167248972,0.4868982597954986,0.4414964859312889,13.367441417286807,64.0,1.0
MODERATE_MEMORY,256,0.75,KT0_MEMORYLESS,160.55449420568866,159.8986951290004,200.47604084693995,0.6271659929909713,38.78831318021547,63.61364118680687,64.0,1.0
MODERATE_MEMORY,256,0.75,KT1_UNIVERSAL,125.08865415980367,126.87351027442129,159.08569143443802,0.4886275553117331,4.362134164034444,5.281338711725086,64.0,1.0
MODERATE_MEMORY,256,0.75,ORACLE_MARKOV,121.32832184012753,122.53436740237237,154.03604876440093,0.47393875718799816,0.0,0.0,64.0,1.0
MODERATE_MEMORY,256,0.875,EMPIRICAL_ML1,125.33876616784214,127.12918134647329,159.27770802581506,0.48960455534313335,4.567171661143135,5.460783382115221,32.0,1.0
MODERATE_MEMORY,256,0.875,FIT_16,130.00201252070156,127.268774227531,173.36545835556944,0.5078203614089905,2.2782249077732715,35.70059198319335,32.0,1.0
MODERATE_MEMORY,256,0.875,FIT_512,121.75764975102848,123.40011107481773,153.7897840798753,0.475615819339955,0.09899058445698472,2.47033582142855,32.0,1.0
MODERATE_MEMORY,256,0.875,FIT_64,124.64595450764764,124.21462093619436,164.34989167248972,0.4868982597954986,0.4414964859312889,13.367441417286807,32.0,1.0
MODERATE_MEMORY,256,0.875,KT0_MEMORYLESS,160.55449420568866,159.8986951290004,200.47604084693995,0.6271659929909713,38.78831318021547,63.61364118680687,32.0,1.0
MODERATE_MEMORY,256,0.875,KT1_UNIVERSAL,125.08865415980367,126.87351027442129,159.08569143443802,0.4886275553117331,4.362134164034444,5.281338711725086,32.0,1.0
MODERATE_MEMORY,256,0.875,ORACLE_MARKOV,121.32832184012753,122.53436740237237,154.03604876440093,0.47393875718799816,0.0,0.0,32.0,1.0
NEAR_IID_CONTROL,32,0.75,EMPIRICAL_ML1,12.455220042314064,11.636624620543635,19.806452074661085,0.3892256263223145,2.584962500721156,2.8981203859807696,7.576368544187515,0.8397737305826837
NEAR_IID_CONTROL,32,0.75,FIT_16,10.264445715157935,9.622051819456361,18.40268354629184,0.32076392859868547,0.0,2.236385849501926,6.722774746722263,0.7024093636603618
NEAR_IID_CONTROL,32,0.75,FIT_512,9.972218733077442,9.047123912114008,17.879951828913207,0.31163183540867007,0.0,5.941270872611089e-07,6.778241460810972,0.7045301323405969
NEAR_IID_CONTROL,32,0.75,FIT_64,10.00126394360581,9.047123912114008,17.87995925508894,0.31253949823768157,0.0,0.20016104481708383,6.752575509412378,0.7065283976758792
NEAR_IID_CONTROL,32,0.75,KT0_MEMORYLESS,11.230186120785865,10.047123912114008,18.8895574360605,0.35094331627455827,1.0,1.0,7.083878823871695,0.7663156271396707
NEAR_IID_CONTROL,32,0.75,KT1_UNIVERSAL,11.82081742756183,11.167418145831727,19.52134355947957,0.36940054461130717,2.1086147491022214,2.323241665988675,7.149533612061743,0.7727604302813407
NEAR_IID_CONTROL,32,0.75,ORACLE_MARKOV,10.230186120785868,9.047123912114008,17.8895574360605,0.3196933162745584,0.0,0.0,6.808878823871694,0.7183058816860145
NEAR_IID_CONTROL,32,0.875,EMPIRICAL_ML1,12.455220042314064,11.636624620543635,19.806452074661085,0.3892256263223145,2.584962500721156,2.8981203859807696,3.8938721875540865,0.9451286305557243
NEAR_IID_CONTROL,32,0.875,FIT_16,10.264445715157935,9.622051819456361,18.40268354629184,0.32076392859868547,0.0,2.236385849501926,3.669812031259015,0.8873896923306119
NEAR_IID_CONTROL,32,0.875,FIT_512,9.972218733077442,9.047123912114008,17.879951828913207,0.31163183540867007,0.0,5.941270872611089e-07,3.7,0.8965630019380384
NEAR_IID_CONTROL,32,0.875,FIT_64,10.00126394360581,9.047123912114008,17.87995925508894,0.31253949823768157,0.0,0.20016104481708383,3.669812031259015,0.8885351046205944
NEAR_IID_CONTROL,32,0.875,KT0_MEMORYLESS,11.230186120785865,10.047123912114008,18.8895574360605,0.35094331627455827,1.0,1.0,3.775,0.926102830245914
NEAR_IID_CONTROL,32,0.875,KT1_UNIVERSAL,11.82081742756183,11.167418145831727,19.52134355947957,0.36940054461130717,2.1086147491022214,2.323241665988675,3.775,0.9251705166844584
NEAR_IID_CONTROL,32,0.875,ORACLE_MARKOV,10.230186120785868,9.047123912114008,17.8895574360605,0.3196933162745584,0.0,0.0,3.7,0.8979329433652812
NEAR_IID_CONTROL,64,0.75,EMPIRICAL_ML1,24.11403993615159,24.080250820083155,36.39173470119964,0.37678187400236857,2.7122832198036857,3.4155845002418914,15.533658357360526,0.894732152875863
NEAR_IID_CONTROL,64,0.75,FIT_16,22.400459797575607,21.459284018703183,36.19284620393127,0.35000718433711886,0.0,5.525504187792136,15.252385329243793,0.8275834408158517
NEAR_IID_CONTROL,64,0.75,FIT_512,21.431595303162915,20.602286420975304,34.546781794958235,0.33486867661192055,-0.2691088367506911,0.008513870466611608,15.142045851088792,0.7928319638269063
NEAR_IID_CONTROL,64,0.75,FIT_64,21.57671348546077,20.643138759974235,34.30583707475263,0.3371361482103245,0.0,0.5213468046333639,15.21082248909735,0.805819573844676
NEAR_IID_CONTROL,64,0.75,KT0_MEMORYLESS,22.95115806005675,23.985311250883598,35.927302340404225,0.3586118446883867,1.0,1.0,15.451720925771316,0.867026326502718
NEAR_IID_CONTROL,64,0.75,KT1_UNIVERSAL,23.590711615903405,23.438610660783453,36.469008947266424,0.3686048689984907,1.953612953839599,2.744367807533962,15.46357717705646,0.8781554751746047
NEAR_IID_CONTROL,64,0.75,ORACLE_MARKOV,21.95115806005675,22.985311250883598,34.927302340404225,0.3429868446883867,0.0,0.0,15.25487664595359,0.8182705812087633
NEAR_IID_CONTROL,64,0.875,EMPIRICAL_ML1,24.11403993615159,24.080250820083155,36.39173470119964,0.37678187400236857,2.7122832198036857,3.4155845002418914,7.9323120312590145,0.9859758066895175
NEAR_IID_CONTROL,64,0.875,FIT_16,22.400459797575607,21.459284018703183,36.19284620393127,0.35000718433711886,0.0,5.525504187792136,7.875279597662856,0.9777560543485194
NEAR_IID_CONTROL,64,0.875,FIT_512,21.431595303162915,20.602286420975304,34.546781794958235,0.33486867661192055,-0.2691088367506911,0.008513870466611608,7.875279597662856,0.9777385833194774
NEAR_IID_CONTROL,64,0.875,FIT_64,21.57671348546077,20.643138759974235,34.30583707475263,0.3371361482103245,0.0,0.5213468046333639,7.875279597662856,0.9777425353677283
NEAR_IID_CONTROL,64,0.875,KT0_MEMORYLESS,22.95115806005675,23.985311250883598,35.927302340404225,0.3586118446883867,1.0,1.0,7.900279597662856,0.9799966521657566
NEAR_IID_CONTROL,64,0.875,KT1_UNIVERSAL,23.590711615903405,23.438610660783453,36.469008947266424,0.3686048689984907,1.953612953839599,2.744367807533962,7.905328309433775,0.9811393698541346
NEAR_IID_CONTROL,64,0.875,ORACLE_MARKOV,21.95115806005675,22.985311250883598,34.927302340404225,0.3429868446883867,0.0,0.0,7.875279597662856,0.977746487415979
NEAR_IID_CONTROL,128,0.75,EMPIRICAL_ML1,50.67576498417047,50.051438668771254,67.78001431018905,0.3959044139388318,2.928906691387951,3.688428071945502,31.987467061140325,0.991884700835168
NEAR_IID_CONTROL,128,0.75,FIT_16,49.535821016148894,47.700409427545075,70.43544106235687,0.38699860168866324,0.10663134019456066,9.657307794370794,31.92939832245879,0.9588352296788664
NEAR_IID_CONTROL,128,0.75,FIT_512,47.39056463627985,46.742822976131755,63.50349163803161,0.3702387862209363,-0.6791571459746883,0.04746863461768083,31.909039458854657,0.94125487243671
NEAR_IID_CONTROL,128,0.75,FIT_64,47.949360498872394,47.00755393384249,66.25211281200873,0.3746043788974406,-0.2989648028423417,2.5648242005520787,31.929567502183648,0.9479336692987859
NEAR_IID_CONTROL,128,0.75,KT0_MEMORYLESS,49.189176747720055,48.81406497623482,64.99879487066578,0.3842904433415629,1.0,1.0,31.962973963269825,0.9810880820706098
NEAR_IID_CONTROL,128,0.75,KT1_UNIVERSAL,50.251118465024355,49.90286245892857,67.29143520929851,0.3925868630080028,2.362037323040205,3.0711780119759085,31.977847183137545,0.9875931611398332
NEAR_IID_CONTROL,128,0.75,ORACLE_MARKOV,48.189176747720055,47.81406497623482,63.99879487066577,0.3764779433415629,0.0,0.0,31.950473963269825,0.9584322050854113
NEAR_IID_CONTROL,128,0.875,EMPIRICAL_ML1,50.67576498417047,50.051438668771254,67.78001431018905,0.3959044139388318,2.928906691387951,3.688428071945502,16.0,1.0
NEAR_IID_CONTROL,128,0.875,FIT_16,49.535821016148894,47.700409427545075,70.43544106235687,0.38699860168866324,0.10663134019456066,9.657307794370794,16.0,1.0
NEAR_IID_CONTROL,128,0.875,FIT_512,47.39056463627985,46.742822976131755,63.50349163803161,0.3702387862209363,-0.6791571459746883,0.04746863461768083,16.0,1.0
NEAR_IID_CONTROL,128,0.875,FIT_64,47.949360498872394,47.00755393384249,66.25211281200873,0.3746043788974406,-0.2989648028423417,2.5648242005520787,16.0,1.0
NEAR_IID_CONTROL,128,0.875,KT0_MEMORYLESS,49.189176747720055,48.81406497623482,64.99879487066578,0.3842904433415629,1.0,1.0,16.0,1.0
NEAR_IID_CONTROL,128,0.875,KT1_UNIVERSAL,50.251118465024355,49.90286245892857,67.29143520929851,0.3925868630080028,2.362037323040205,3.0711780119759085,16.0,1.0
NEAR_IID_CONTROL,128,0.875,ORACLE_MARKOV,48.189176747720055,47.81406497623482,63.99879487066577,0.3764779433415629,0.0,0.0,16.0,1.0
NEAR_IID_CONTROL,256,0.75,EMPIRICAL_ML1,100.28749386655991,100.31874995056965,131.09897950646018,0.39174802291624966,2.9133615697283375,4.07880791054104,63.782110225856265,0.9875000707294308
NEAR_IID_CONTROL,256,0.75,FIT_16,102.41933207591846,101.79441204165003,129.00026404701714,0.4000755159215565,2.140845439784691,19.007004936476655,63.803172981546005,0.9875000612461194
NEAR_IID_CONTROL,256,0.75,FIT_512,97.13739694904685,97.11986844219129,125.94615968435986,0.37944295683221424,-0.5917000789242834,0.9428742019654816,63.74527787064352,0.9872697409921919
NEAR_IID_CONTROL,256,0.75,FIT_64,98.43017818842513,97.79318101235606,126.98339047222362,0.38449288354853567,-0.29404937057057623,6.025800150520646,63.74134516342381,0.9874912854021192
NEAR_IID_CONTROL,256,0.75,KT0_MEMORYLESS,98.7488943606343,98.95013231449087,128.01492278233025,0.3857378685962277,1.0,1.0,63.75777787064352,0.9875000121107259
NEAR_IID_CONTROL,256,0.75,KT1_UNIVERSAL,99.80906796854188,100.14523645353486,130.37737065626183,0.3898791717521167,2.392752632121006,3.344651725494744,63.77504439833501,0.9875000478011622
NEAR_IID_CONTROL,256,0.75,ORACLE_MARKOV,97.7488943606343,97.95013231449087,127.01492278233023,0.3818316185962277,0.0,0.0,63.74527787064352,0.9874911784208404
NEAR_IID_CONTROL,256,0.875,EMPIRICAL_ML1,100.28749386655991,100.31874995056965,131.09897950646018,0.39174802291624966,2.9133615697283375,4.07880791054104,32.0,1.0
NEAR_IID_CONTROL,256,0.875,FIT_16,102.41933207591846,101.79441204165003,129.00026404701714,0.4000755159215565,2.140845439784691,19.007004936476655,32.0,1.0
NEAR_IID_CONTROL,256,0.875,FIT_512,97.13739694904685,97.11986844219129,125.94615968435986,0.37944295683221424,-0.5917000789242834,0.9428742019654816,32.0,1.0
NEAR_IID_CONTROL,256,0.875,FIT_64,98.43017818842513,97.79318101235606,126.98339047222362,0.38449288354853567,-0.29404937057057623,6.025800150520646,32.0,1.0
NEAR_IID_CONTROL,256,0.875,KT0_MEMORYLESS,98.7488943606343,98.95013231449087,128.01492278233025,0.3857378685962277,1.0,1.0,32.0,1.0
NEAR_IID_CONTROL,256,0.875,KT1_UNIVERSAL,99.80906796854188,100.14523645353486,130.37737065626183,0.3898791717521167,2.392752632121006,3.344651725494744,32.0,1.0
NEAR_IID_CONTROL,256,0.875,ORACLE_MARKOV,97.7488943606343,97.95013231449087,127.01492278233023,0.3818316185962277,0.0,0.0,32.0,1.0
STICKY_BALANCED,32,0.75,EMPIRICAL_ML1,6.160014298895558,4.95344529780426,13.483670374500424,0.1925004468404862,1.584962500721156,2.017476158378008,5.124307303799876,0.33780861654001865
STICKY_BALANCED,32,0.75,FIT_16,12.17108649914488,11.488975331843143,23.94141500827381,0.3803464530982775,3.6260370213980844,22.94141500827381,6.086093445324119,0.6555486942203581
STICKY_BALANCED,32,0.75,FIT_512,4.223633619793705,3.807354922057604,11.798585173726797,0.13198855061855327,-1.0,0.0,3.595092368541354,0.24176735045402045
STICKY_BALANCED,32,0.75,FIT_64,7.544719983432034,5.832667958592587,20.878922030393497,0.23577249948225107,-0.09391134724277661,19.878922030393497,5.064153839259495,0.43631120898797027
STICKY_BALANCED,32,0.75,KT0_MEMORYLESS,14.141204403746258,10.047123912114008,31.782492550666486,0.44191263761707056,4.047123912114008,24.59296391564246,5.053329558951885,0.5427733440549802
STICKY_BALANCED,32,0.75,KT1_UNIVERSAL,5.5870421996608925,4.511183906514228,13.748486401436784,0.1745950687394029,0.0,2.0825024763914595,4.528182899030473,0.35148862561524785
STICKY_BALANCED,32,0.75,ORACLE_MARKOV,5.235084993655233,6.0,13.285402218862249,0.16359640605172604,0.0,0.0,4.425,0.29600881303444126
STICKY_BALANCED,32,0.875,EMPIRICAL_ML1,6.160014298895558,4.95344529780426,13.483670374500424,0.1925004468404862,1.584962500721156,2.017476158378008,3.3882331253245197,0.6626264525376928
STICKY_BALANCED,32,0.875,FIT_16,12.17108649914488,11.488975331843143,23.94141500827381,0.3803464530982775,3.6260370213980844,22.94141500827381,3.267079027678072,0.7826182559129563
STICKY_BALANCED,32,0.875,FIT_512,4.223633619793705,3.807354922057604,11.798585173726797,0.13198855061855327,-1.0,0.0,2.4230441066826387,0.4979126205192692
STICKY_BALANCED,32,0.875,FIT_64,7.544719983432034,5.832667958592587,20.878922030393497,0.23577249948225107,-0.09391134724277661,19.878922030393497,3.0450916289218704,0.6828337861232342
STICKY_BALANCED,32,0.875,KT0_MEMORYLESS,14.141204403746258,10.047123912114008,31.782492550666486,0.44191263761707056,4.047123912114008,24.59296391564246,2.8,0.6229443285347439
STICKY_BALANCED,32,0.875,KT1_UNIVERSAL,5.5870421996608925,4.511183906514228,13.748486401436784,0.1745950687394029,0.0,2.0825024763914595,2.739624062518029,0.5682456715385497
STICKY_BALANCED,32,0.875,ORACLE_MARKOV,5.235084993655233,6.0,13.285402218862249,0.16359640605172604,0.0,0.0,2.8,0.6166797276675234
STICKY_BALANCED,64,0.75,EMPIRICAL_ML1,12.632359928638943,12.439905750913866,22.477682905700526,0.19738062388498348,0.7278562520336265,2.124877168889262,11.307041374856421,0.36183205707331406
STICKY_BALANCED,64,0.75,FIT_16,29.023536236029845,29.830121585241486,48.765720748392624,0.4534927536879663,17.49938066457353,40.1066815797577,14.932099516276732,0.8415956956844497
STICKY_BALANCED,64,0.75,FIT_512,10.954814425395217,10.86028099711161,19.453511886702167,0.17116897539680026,-1.0691806203543752,-0.04580368961312509,10.29132745050531,0.25586855362470884
STICKY_BALANCED,64,0.75,FIT_64,17.05749612264035,15.090042758410728,41.018572657279066,0.2665233769162555,-0.05884022846325987,28.592523382778197,12.453458300432064,0.48499586444132775
STICKY_BALANCED,64,0.75,KT0_MEMORYLESS,45.8054059987168,54.00839067560902,63.51914512896277,0.71570946872995,39.773952473178895,53.01430912839147,14.850856128906239,0.8949843784016348
STICKY_BALANCED,64,0.75,KT1_UNIVERSAL,12.856686387198044,13.728309638440827,22.608297259658773,0.20088572479996944,1.4794988112171872,2.262889201922132,11.484492090852148,0.36919122036203655
STICKY_BALANCED,64,0.75,ORACLE_MARKOV,12.199946164403944,11.977995368612962,20.281823649622957,0.19062415881881162,0.0,0.0,11.218123552691551,0.3112293947561994
STICKY_BALANCED,64,0.875,EMPIRICAL_ML1,12.632359928638943,12.439905750913866,22.477682905700526,0.19738062388498348,0.7278562520336265,2.124877168889262,7.136432468291207,0.7514564153617499
STICKY_BALANCED,64,0.875,FIT_16,29.023536236029845,29.830121585241486,48.765720748392624,0.4534927536879663,17.49938066457353,40.1066815797577,7.8792864200760615,0.952017053356873
STICKY_BALANCED,64,0.875,FIT_512,10.954814425395217,10.86028099711161,19.453511886702167,0.17116897539680026,-1.0691806203543752,-0.04580368961312509,6.8407117728247915,0.7024353448855466
STICKY_BALANCED,64,0.875,FIT_64,17.05749612264035,15.090042758410728,41.018572657279066,0.2665233769162555,-0.05884022846325987,28.592523382778197,7.449197840835552,0.8448818102817448
STICKY_BALANCED,64,0.875,KT0_MEMORYLESS,45.8054059987168,54.00839067560902,63.51914512896277,0.71570946872995,39.773952473178895,53.01430912839147,7.550279597662856,0.9301915869660305
STICKY_BALANCED,64,0.875,KT1_UNIVERSAL,12.856686387198044,13.728309638440827,22.608297259658773,0.20088572479996944,1.4794988112171872,2.262889201922132,7.18665206208276,0.8056222252373892
STICKY_BALANCED,64,0.875,ORACLE_MARKOV,12.199946164403944,11.977995368612962,20.281823649622957,0.19062415881881162,0.0,0.0,7.275,0.7626835602699494
STICKY_BALANCED,128,0.75,EMPIRICAL_ML1,24.39317632113757,25.589602999970374,36.12655275149,0.19057169000888727,0.9256139868491715,2.5101183566085834,23.707887934545845,0.2284424459545944
STICKY_BALANCED,128,0.75,FIT_16,63.86608502237125,68.70809373430448,95.81463672577031,0.4989537892372754,41.49242494125912,75.27383749720076,30.143796503737462,0.8762011101584216
STICKY_BALANCED,128,0.75,FIT_512,22.249542413300663,23.0147800950306,34.53024172947298,0.17382455010391143,-0.9916891252732611,-0.09810599373971708,21.868185651647188,0.14176813352348033
STICKY_BALANCED,128,0.75,FIT_64,33.07007493289431,29.853654164603654,77.31847921727389,0.2583599604132368,1.2966885387462845,52.29904595909363,26.993499956713475,0.4228979186114959
STICKY_BALANCED,128,0.75,KT0_MEMORYLESS,110.32579653763996,119.78875479988542,127.89470355798511,0.8619202854503122,94.56940315442162,108.67694031645476,31.962973963269825,0.988125741147622
STICKY_BALANCED,128,0.75,KT1_UNIVERSAL,24.974306069414187,26.49324475280246,36.052823065488774,0.19511176616729833,1.9648921196503721,2.5978904015638653,24.240244398164016,0.24192116886011203
STICKY_BALANCED,128,0.75,ORACLE_MARKOV,23.50561180791678,24.347885307038588,37.464026518087095,0.18363759224934983,0.0,0.0,23.03016578036743,0.17618356152385886
STICKY_BALANCED,128,0.875,EMPIRICAL_ML1,24.39317632113757,25.589602999970374,36.12655275149,0.19057169000888727,0.9256139868491715,2.5101183566085834,15.202375244029255,0.8337095205410829
STICKY_BALANCED,128,0.875,FIT_16,63.86608502237125,68.70809373430448,95.81463672577031,0.4989537892372754,41.49242494125912,75.27383749720076,15.657881153456088,0.9442147535125178
STICKY_BALANCED,128,0.875,FIT_512,22.249542413300663,23.0147800950306,34.53024172947298,0.17382455010391143,-0.9916891252732611,-0.09810599373971708,14.907970962467777,0.7921021506981091
STICKY_BALANCED,128,0.875,FIT_64,33.07007493289431,29.853654164603654,77.31847921727389,0.2583599604132368,1.2966885387462845,52.29904595909363,15.568973811147742,0.9343590410529352
STICKY_BALANCED,128,0.875,KT0_MEMORYLESS,110.32579653763996,119.78875479988542,127.89470355798511,0.8619202854503122,94.56940315442162,108.67694031645476,16.0,1.0
STICKY_BALANCED,128,0.875,KT1_UNIVERSAL,24.974306069414187,26.49324475280246,36.052823065488774,0.19511176616729833,1.9648921196503721,2.5978904015638653,15.411878876192375,0.8624016485890744
STICKY_BALANCED,128,0.875,ORACLE_MARKOV,23.50561180791678,24.347885307038588,37.464026518087095,0.18363759224934983,0.0,0.0,15.248607771597932,0.840197455114826
STICKY_BALANCED,256,0.75,EMPIRICAL_ML1,48.9473169964058,47.77613394420699,70.37995187953432,0.19120045701721017,1.6074292343278742,2.608333901345903,48.06955169234427,0.14208809197497563
STICKY_BALANCED,256,0.75,FIT_16,106.31778198941645,115.02618883689976,169.362869883134,0.415303835896158,60.69599471350378,127.62406093815349,61.51454199475628,0.7676047147803601
STICKY_BALANCED,256,0.75,FIT_512,46.59274054509584,45.41380261827513,67.61042509049896,0.18200289275428064,-1.068763749604095,0.0001950863450910431,46.00234198658078,0.10443150712050867
STICKY_BALANCED,256,0.75,FIT_64,63.027231718443566,53.84825420057814,134.9800386585449,0.24620012390017018,1.5968059621014667,95.82569299004064,51.56860159795165,0.35623577621563923
STICKY_BALANCED,256,0.75,KT0_MEMORYLESS,229.4091409905423,241.139367766537,255.76776505658825,0.8961294569943059,187.7505612650551,220.5671475608381,64.0,1.0
STICKY_BALANCED,256,0.75,KT1_UNIVERSAL,49.5049266635136,48.112366302741336,70.70789010454057,0.19337861977935,2.3417185235356186,2.8377890917551296,48.56285878919414,0.1491103149193878
STICKY_BALANCED,256,0.75,ORACLE_MARKOV,47.85770302063213,49.54273125196102,67.79006303647157,0.18694415242434426,0.0,0.0,47.166926064077956,0.12232201995986385
STICKY_BALANCED,256,0.875,EMPIRICAL_ML1,48.9473169964058,47.77613394420699,70.37995187953432,0.19120045701721017,1.6074292343278742,2.608333901345903,30.910500921197183,0.8970925924639488
STICKY_BALANCED,256,0.875,FIT_16,106.31778198941645,115.02618883689976,169.362869883134,0.415303835896158,60.69599471350378,127.62406093815349,31.863395030729,0.9875064124343542
STICKY_BALANCED,256,0.875,FIT_512,46.59274054509584,45.41380261827513,67.61042509049896,0.18200289275428064,-1.068763749604095,0.0001950863450910431,30.770733160028705,0.8798979416625741
STICKY_BALANCED,256,0.875,FIT_64,63.027231718443566,53.84825420057814,134.9800386585449,0.24620012390017018,1.5968059621014667,95.82569299004064,31.40021321322198,0.9266840142368314
STICKY_BALANCED,256,0.875,KT0_MEMORYLESS,229.4091409905423,241.139367766537,255.76776505658825,0.8961294569943059,187.7505612650551,220.5671475608381,32.0,1.0
STICKY_BALANCED,256,0.875,KT1_UNIVERSAL,49.5049266635136,48.112366302741336,70.70789010454057,0.19337861977935,2.3417185235356186,2.8377890917551296,31.023113016955364,0.9012707699678308
STICKY_BALANCED,256,0.875,ORACLE_MARKOV,47.85770302063213,49.54273125196102,67.79006303647157,0.18694415242434426,0.0,0.0,30.883999776463007,0.8906317261573055
